content,url
"Giàu làm chị, khó làm em, Sang chớ kiêu căng, khó chớ hiềm . Dưới biết kính trên, trên dấu dưới, Ấy nhà còn thịnh, phúc còn thêm.",https://www.thivien.net/Nguy%E1%BB%85n-B%E1%BB%89nh-Khi%C3%AAm/B%C3%A0i-98/poem-mE-LYXC5BY8fjsmlyDfP6g
"Nhất bộc rành rành lại thập thành, Ở cho thực mặc ấy là ngoan. Đầy vơi chớ chớ chiều lòng thế, Thì mới nên danh giá tao đàn.",https://www.thivien.net/Tr%E1%BB%8Bnh-Doanh/Ban-cung-nh%C3%A2n-b%C3%A0i-7/poem-MwxPhw4C75HQsgfR8V0--g
"Văn chương phú lục đã xong rồi, Thừa giấy làm chi chẳng vẽ voi? Nhắn nhủ một lời cho chúng biết: Đứa nào cười tớ nó ăn bòi.",https://www.thivien.net/Nguy%E1%BB%85n-Qu%E1%BB%B3nh/B%E1%BB%A1n-quan-tr%C6%B0%E1%BB%9Dng-ch%E1%BA%A5m-thi/poem-xi6SHf8oI0xwzRyJgBD-6g
"Đồn Phố Hiến vui hơn kinh kỳ, Chơi ba ngày chẳng thấy quái gì. Ngô lớn, Ngô con răng trắng nhởn, Đĩ già, đĩ trẻ đách thâm sì.",https://www.thivien.net/Nguy%E1%BB%85n-Qu%E1%BB%B3nh/Ch%C6%A1i-Ph%E1%BB%91-Hi%E1%BA%BFn/poem-Yg6Mr8Wg9A6n-qpLItq_PQ
"Quan nhậm châu khách Hoan châu, Cầm bằng mà cũng chẳng nên rầu. Nay phảng phất thông tin sứ, Vò thấu chung tình nỗi nhỏ to.",https://www.thivien.net/Khuy%E1%BA%BFt-danh-Vi%E1%BB%87t-Nam/Chung-t%C3%ACnh-I-b%C3%A0i-5-Quan-nh%E1%BA%ADm-ch%C3%A2u-kh%C3%A1ch-Hoan-ch%C3%A2u/poem-6XE8_CHUbvt8Fbn9fjZhiQ
"Từ ghé non Bồng diễn bạn tiên, Chạnh lòng khao khát để riêng phiền. Trình từ diệu vợi người thân hữu, Thề có khi nào lặng chốc quên.",https://www.thivien.net/Khuy%E1%BA%BFt-danh-Vi%E1%BB%87t-Nam/Chung-t%C3%ACnh-II-b%C3%A0i-1-T%E1%BB%AB-gh%C3%A9-non-B%E1%BB%93ng-di%E1%BB%85n-b%E1%BA%A1n-ti%C3%AAn/poem-PPwwQdxPpTajZvNfSNVANA
"Thấy dân rét mướt, nghĩ mà thương, Vậy phải lên ngôi gỡ mối giường . Tay ngọc lần đưa thoi nhật nguyệt , Gót vàng dận dạn máy âm dương .",https://www.thivien.net/L%C3%AA-Th%C3%A1nh-T%C3%B4ng/D%E1%BB%87t-c%E1%BB%ADi/poem-1EWpuZh-pyaCZrrqX0o68g
"Xem ý trời đà ấy dục tình, Ngại vì mưa lớn mới thanh minh. Sương nghiêm vả có chiều êm tĩnh, Ai quyết nên thì mới kể rành.",https://www.thivien.net/Tr%E1%BB%8Bnh-Doanh/D%E1%BB%AF-cung-nh%C3%A2n-%C4%91%E1%BB%95-t%C3%ACnh-v%C5%A9/poem-gt4f_2-DO_EZvJTef238xg
"Một đoá đào hoa khá tốt tươi, Cách xuân mơn mởn thấy xuân cười. Đông phong ắt có tình hay nữa, Kín tịn mùi hương dễ động người.",https://www.thivien.net/Nguy%E1%BB%85n-Tr%C3%A3i/%C4%90%C3%A0o-hoa-thi-b%C3%A0i-1/poem-y4iJ6v3mYp-Z_KEorcHd_g
"Động người hoa khéo tỏ tinh thần, Ít bởi vì hoa, ít bởi xuân. Dẽ sử chim xanh đừng chuốc lối, Bù trì đã có khí hồng quân.",https://www.thivien.net/Nguy%E1%BB%85n-Tr%C3%A3i/%C4%90%C3%A0o-hoa-thi-b%C3%A0i-2/poem-T77YPUFr1r-w2GT5GOPcQw
"Khí hồng quân hãy có sá tài qua, Chớ phụ xuân này chớ phụ hoa. Hoa có ý thì xuân có ý, Đâu đâu cũng một khí dương hoà.",https://www.thivien.net/Nguy%E1%BB%85n-Tr%C3%A3i/%C4%90%C3%A0o-hoa-thi-b%C3%A0i-3/poem-Eo8O_bjQV9CSK1xQ2MCw5g
"Khí dương hoà há có tư ai? Năng một hoa này nhẫn mọi loài. Tính kể chỉn còn ba tháng nữa, Kịp xuân mựa để má đào phai.",https://www.thivien.net/Nguy%E1%BB%85n-Tr%C3%A3i/%C4%90%C3%A0o-hoa-thi-b%C3%A0i-4/poem-mniVeONHoNctrLh3GD5K_Q
"Má đào phai hết bởi xuân qua, Nếu lại đâm thì liền luống hoa. Yến sở Dao Trì đà có hẹn, Chớ cho Phương Sóc đến lân la.",https://www.thivien.net/Nguy%E1%BB%85n-Tr%C3%A3i/%C4%90%C3%A0o-hoa-thi-b%C3%A0i-5/poem-oTUWo08PVWVgk1Z73UFsZg
"Phương Sóc lân la, đã hở cơ, Ba phen trộm được há tình cờ! Có ai ướm hỏi tiên Vương Mẫu, Tin khá tin thì ngờ khá ngờ.",https://www.thivien.net/Nguy%E1%BB%85n-Tr%C3%A3i/%C4%90%C3%A0o-hoa-thi-b%C3%A0i-6/poem-XRqcrciH6L9671B2HFBcfw
"Chim kêu nội lực lừng ca vũ, Cá lượn khe xanh lắng quản huyền. Dù những tao nhân du thưởng đấy, Thết thoi vàng giấy để làm duyên.",https://www.thivien.net/Nguy%E1%BB%85n-Gia-Ch%C3%A2u/%C4%90%E1%BB%81-%E1%BB%9F-c%E1%BB%ADa-Sinh-T%E1%BB%AD/poem-0m57jrjDO0rvGhET6T3zDQ
"Ả ở đâu ta bán chiếu gon, Chẳng hay chiếu ấy hết hay còn? Xuân thu phỏng độ chừng bao tuổi, Đã có chồng chưa, được mấy con?",https://www.thivien.net/Nguy%E1%BB%85n-Tr%C3%A3i/Gh%E1%BA%B9o-c%C3%B4-h%C3%A0ng-chi%E1%BA%BFu/poem-mhKCYVUAIeTrxJ6Ewog4eg
"Và tháng hạ thiên bóng nắng dài, Thu đông lạnh lẽo cả hoà hai. Đông phong từ hẹn tin xuân đến, Đầm ấm nào hoa chẳng tốt tươi.",https://www.thivien.net/Nguy%E1%BB%85n-Tr%C3%A3i/Hoa-xu%C3%A2n/poem-MdBXw3KkXM368dBLHlrMjQ
"Dung nghi chăm chắm ngự toà sen, Cốt cách này tuy cốt cách tiên. Duyên nợ oan tình đền kiếp trước, Về sau hương lửa rạng rừng thiền.",https://www.thivien.net/Khuy%E1%BA%BFt-danh-Vi%E1%BB%87t-Nam/H%E1%BB%B1u-tuy%E1%BB%87t-c%C3%BA/poem-gK67Na65qHE0USOUwbDzzA
"Khạc chẳng ra cho, nuốt chẳng vào; Khối tình nghẹn mãi, biết làm sao? Muốn kêu một tiếng cho to lắm; Rằng: “Ới ai ơi nó thế nào?”",https://www.thivien.net/Nguy%E1%BB%85n-Gia-Thi%E1%BB%81u/Kh%E1%BB%91i-t%C3%ACnh/poem-_k8PBvVz5_fvuvM_kaZIHw
"Ông đứng chi mà đứng mãi đây, Dập dềnh như tỉnh lại như say. Vãi nào đã chuốc cho ông rượu, Còn có cho vay một nậm đầy.",https://www.thivien.net/Nguy%E1%BB%85n-Qu%E1%BB%B3nh/Ph%E1%BA%ADt-say-Thu%E1%BB%B5-Ch%C6%B0%C6%A1ng/poem-BCWjU4gquzYx4rCamUlRKQ
"Đầu bính sang dần tiết mới phân, Giời xuân thong thả ngự đền xuân. Thú gồm nhân trí đà nên thú, Tiệc ngọc vầy vui ánh thuỵ vân.",https://www.thivien.net/Tr%E1%BB%8Bnh-S%C3%A2m/Ph%E1%BB%A5ng-canh-ng%E1%BB%B1-ch%E1%BA%BF-th%C6%B0%E1%BB%9Fng-nghinh-xu%C3%A2n-vi%E1%BB%87n-thi/poem-6KT2iT_lEHwFt5NM3tJgSA
"Thay việc trời ra sửa việc đời, Đầu xuân diệu vũ thuận thời trời. Uy dương mừng gặp thánh bình vận, Tộ vững nghìn thu sá kể mười.",https://www.thivien.net/%C4%90%E1%BB%97-Th%E1%BA%BF-Giai/Ph%E1%BB%A5ng-ho%E1%BA%A1-ng%E1%BB%B1-ch%E1%BA%BF-t%C3%A2n-xu%C3%A2n/poem-BGSN8YqLn1M2SoufQXK3cQ
"Tuyên Quang, Hoàng Hoá cũng thì vua, Nắng cực cho nên phải mất mùa. Lại đứng đầu bờ xin xỏ chị, Chị nỡ lòng nào chị chẳng cho.",https://www.thivien.net/Nguy%E1%BB%85n-Qu%E1%BB%B3nh/Th%C6%A1-x%E1%BB%8F-g%C3%A1i-chua-ngoa/poem-KJSJBK9wl_7o3Hh-D0KebQ
"Rỡ rỡ thiều quang tiết mới phân, Đền xuân phong cảnh thoả trời xuân, Một nhà cá nước vầy du thưởng, Này hội phong vân ánh thuỵ vân.",https://www.thivien.net/%C4%90%E1%BB%97-Th%E1%BA%BF-Giai/Ti%E1%BB%83u-lu%E1%BA%ADt/poem-MW4gjbxV3dzYNIAEVqQmvA
"Năm mới bia này mới mới khai, Liên châu một trúng với hai thoi. Đành hay xạ để mà xem đức, Tài đức gồm no ấy thánh tài.",https://www.thivien.net/%C4%90%E1%BB%97-Th%E1%BA%BF-Giai/Ti%E1%BB%83u-lu%E1%BA%ADt/poem-CA9_8kPzZb80aWE8Y5iZhw
"Bác mẹ sinh ra vốn áo sồi, Chốn nghiêm thăm thẳm một mình ngồi. Chép miệng nuốt ba con kiến gió, Nghiến răng chuyển động bốn phương trời.",https://www.thivien.net/L%C3%AA-Th%C3%A1nh-T%C3%B4ng/V%E1%BB%8Bnh-con-c%C3%B3c/poem-7fiNjkICzfeK5Ji6ZlZ56g
"Một buổi hầu rồi một buổi ngơi, Đâu còn nhớ chữ “ viễn phương lai ”. Mới sang chừng ấy ngơi chừng ấy, Sang nữa thì ngơi biết mấy đời .",https://www.thivien.net/Cao-B%C3%A1-Qu%C3%A1t/Quan-ng%C6%A1i/poem-fvGX2ZMxCaMEjcQpSRjL6A
"Thân em thời trắng phận em vừa trắng lại vừa tròn, Bảy nổi ba chìm mấy nước non sông . Rắn nát mặc dầu tay kẻ nặn Mềm rắn nhờ tay quân tử vọc Mềm rắn nhờ tay quân tử trộn , Nhưng em Mà em Khăng khăng Trong lòng vẫn giữ tấm lòng son một hòn son .",https://www.thivien.net/H%E1%BB%93-Xu%C3%A2n-H%C6%B0%C6%A1ng/B%C3%A1nh-tr%C3%B4i-n%C6%B0%E1%BB%9Bc/poem-uWq3KGCd3SUUse06kE6PYA
Sáng mảng mang tăng cảnh dễ say Lá buồm lướt gió rạng trông ngay Sóng chi lướt mướt hay cơm chửa Núi lạ răng chăng thử chén này Ngư mới gác chèo gà lục trục Mai vừa ổ chức luỹ lai rai Thỉnh tình thanh trịch chân hay tiếng Người đã hay chừ cảnh cũng hay,https://www.thivien.net/Phan-Th%C3%BAc-Tr%E1%BB%B1c/Bu%E1%BB%95i-s%C3%A1ng-%C4%91i-thuy%E1%BB%81n-tr%C3%AAn-s%C3%B4ng-M%C3%A3/poem-OERgyTfhZTMrH8mc_a2lYg
"Một lỗ xâu xâu mấy cũng vừa, Duyên này tác hợp tự ngàn xưa. Chành ra ba góc da còn thiếu, Khép lại đôi bên thịt vẫn thừa.",https://www.thivien.net/H%E1%BB%93-Xu%C3%A2n-H%C6%B0%C6%A1ng/C%C3%A1i-qu%E1%BA%A1t/poem-scROveDf2WzzNJM9eAvSlQ
"Cái nợ tang bồng tí tẻo teo, Nay đòi mai hỏi tiếng ong eo. Ta nay quyết kéo trời Nam lại, Kẻo để giang sơn đổ lộn phèo.",https://www.thivien.net/T%E1%BA%A1-Hi%E1%BB%87n/C%E1%BA%A3m-%C4%91%E1%BB%81/poem-IEhO9vdaYKxBKUMMZ8kMCQ
"Lật đật qua đèo nắng cực thay! Hai cô thương đến lại cho giày. Ơn nầy biết lấy gì mà trả, Xin quỳ hai gối chống hai tay.",https://www.thivien.net/Nguy%E1%BB%85n-C%C3%B4ng-Tr%E1%BB%A9/C%C3%A1m-%C6%A1n-hai-c%C3%B4-%C4%91%C3%A0o/poem-eikFbHcDEWNk7ziidPzSyg
"Đã trót chơi hoa phải có trèo, Trèo lên chớ ngại mỏi xương nhèo. Cành la cành bổng vin co vít, Bông chín bông xanh để lộn phèo.",https://www.thivien.net/H%E1%BB%93-Xu%C3%A2n-H%C6%B0%C6%A1ng/Ch%C6%A1i-hoa/poem-jSzm65JZ1S2GD6Vw9RK_6w
"Em có mai xanh, có yếm vàng, Ba quân khiêng kiệu, kiệu nghêng ngang. Xin theo ông Khổng về Đông Lỗ, Học thói Bàn Canh nấu chín Thang.",https://www.thivien.net/H%E1%BB%93-Xu%C3%A2n-H%C6%B0%C6%A1ng/Con-cua/poem-desawxihH_FjwviJgfWqRw
"Kìa ai tỉnh, kìa ai say, Kìa ai ghẹo nguyệt giữa ban ngày. Khoan khoan xin hãy dừng tay lại, Chớ mó hang hùm nữa mất tay.",https://www.thivien.net/H%E1%BB%93-Xu%C3%A2n-H%C6%B0%C6%A1ng/D%E1%BB%AF-Ph%E1%BA%A1m-t%E1%BA%BF-t%E1%BB%ADu-x%C6%B0%E1%BB%9Bng-ho%E1%BA%A1-k%E1%BB%B3-nh%E1%BB%8B/poem-uhvQQ4xb005il66VwoQrSQ
"Tổ tôm tên chữ gọi hà sào , Đánh thì không thấp cũng không cao. Được thì vơ cả, thua thì chạy, Nào!",https://www.thivien.net/Nguy%E1%BB%85n-C%C3%B4ng-Tr%E1%BB%A9/%C4%90%C3%A1nh-t%E1%BB%95-t%C3%B4m/poem-o1Dgj5mZFHmPIMkvJm0okw
"Khen ai khéo khéo đắp đôi voi, Đủ cả đầu đuôi đủ cả vòi. Chỉ có cái kia... sao chẳng thấy? Hay là thầy lý bớt đi rồi?",https://www.thivien.net/Cao-B%C3%A1-Qu%C3%A1t/%C4%90%E1%BA%AFp-voi/poem-LNX-B6YEnTxrHdNh6Rwzhg
"Những bấy lâu nay luống nhắn nhe, Nhắn nhe toan những sự gầm ghè . Gầm ghè nhưng vẫn còn chưa dám, Chưa dám cho nên phải rụt rè.",https://www.thivien.net/H%E1%BB%93-Xu%C3%A2n-H%C6%B0%C6%A1ng/%C4%90%E1%BB%8Dc-cho-Chi%C3%AAu-H%E1%BB%95-ho%E1%BA%A1/poem-YXI6cVrwCfbMi8IDswKjhQ
"Cũng lò cũng bễ cũng cùng than, Mở mặt vuông tròn với thế gian. Kém cạnh cho nên mang tiếng hoẻn, Đủ đồng ắt cũng đáng nên quan.",https://www.thivien.net/H%E1%BB%93-Xu%C3%A2n-H%C6%B0%C6%A1ng/%C4%90%E1%BB%93ng-ti%E1%BB%81n-ho%E1%BA%BBn/poem-UZ4PJ0gdsEsSl_pypy8vGw
"Nhân sinh ba vạn sáu nghìn thôi Vạn sáu tiêu nhăng đã hết rồi! Nhắn con tạo hoá xoay thời lại, Để khách tang bồng rộng đất chơi.",https://www.thivien.net/Nguy%E1%BB%85n-C%C3%B4ng-Tr%E1%BB%A9/%C4%90%E1%BB%9Di-ng%C6%B0%E1%BB%9Di-th%E1%BA%A5m-tho%E1%BA%AFt/poem-dpoG8f6cGqypGv740YMB1g
"Hỡi chàng ôi hỡi chàng ôi, Thiếp bén duyên chàng có thế thôi. Nòng nọc đứt đuôi từ đây nhé, Nghìn vàng khôn chuộc dấu bôi vôi .",https://www.thivien.net/H%E1%BB%93-Xu%C3%A2n-H%C6%B0%C6%A1ng/Kh%C3%B3c-T%E1%BB%95ng-C%C3%B3c/poem-6pamu7FlLkIevS5S6C9yfw
"Khéo khéo đi đâu lũ ngẩn ngơ, Lại đây chị dạy lối làm thơ. Bướm non ngứa lợi châm hoa rữa, Dê bé buồn sừng húc giậu thưa.",https://www.thivien.net/H%E1%BB%93-Xu%C3%A2n-H%C6%B0%C6%A1ng/L%E1%BB%A1m-h%E1%BB%8Dc-tr%C3%B2/poem-0rhDlwzvK5OxEIc98gs0mw
"Ghé mắt trông lên thấy bảng treo, Kìa đền Thái thú đứng cheo leo. Ví đây đổi phận làm trai được, Thì sự anh hùng há bấy nhiêu.",https://www.thivien.net/H%E1%BB%93-Xu%C3%A2n-H%C6%B0%C6%A1ng/Mi%E1%BA%BFu-S%E1%BA%A7m-th%C3%A1i-th%C3%BA/poem-G2YFC9t0UZjKbogh03b5Ow
"Quả cau nho nhỏ miếng lá trầu hôi , Này của Xuân Hương mới quệt rồi. Có phải duyên nhau thì thắm lại đỏ thắm , Đừng xanh như lá, bạc như vôi.",https://www.thivien.net/H%E1%BB%93-Xu%C3%A2n-H%C6%B0%C6%A1ng/M%E1%BB%9Di-%C4%83n-tr%E1%BA%A7u/poem-B_rQPN05zgTCyWbt_qAhmQ
"Mừng ông nay mới đẻ con trai, Thực giống con nhà chẳng giống ai, Mong cho chóng lớn mà ăn cướp... Cướp lấy khôi nguyên kẻo nữa hoài!",https://www.thivien.net/Nguy%E1%BB%85n-Qu%C3%BD-T%C3%A2n/M%E1%BB%ABng-b%E1%BA%A1n-%C4%91%E1%BA%BB-con-trai/poem-2Vr1ehilpWqqXZJSdcMIBg
"Hai bên thời núi giữa thời sông, Có phải đây là Kẽm Trống không. Gió vật sườn non kêu lắc rắc, Sóng dồn mặt nước vỗ long bong.",https://www.thivien.net/H%E1%BB%93-Xu%C3%A2n-H%C6%B0%C6%A1ng/N%C3%BAi-K%E1%BA%BDm-Tr%E1%BB%91ng/poem-feCLUxz53X41QOuf4SwK2A
"Đằng quốc xưa nay vốn nhỏ nhen, Lại còn Tề Sở ép hai bên. Ngảnh mặt sang Tề e Sở giận, Quay đầu về Sở sợ Tề ghen.",https://www.thivien.net/H%E1%BB%93-Xu%C3%A2n-H%C6%B0%C6%A1ng/N%C6%B0%E1%BB%9Bc-%C4%90%E1%BA%B1ng/poem--fDjA9dpven1ybYhX9MM0w
"Bác mẹ sinh ra phận ốc nhồi, Đêm ngày lăn lóc đám cỏ hôi. Quân tử có thương thì bóc yếm, Xin đừng ngó ngoáy lỗ trôn tôi.",https://www.thivien.net/H%E1%BB%93-Xu%C3%A2n-H%C6%B0%C6%A1ng/%E1%BB%90c-nh%E1%BB%93i/poem-gDMeCDBVvtYDv6KKqbVyBw
"Thân em như quả mít trên Của tôi như quả mít trên Dái này hẳn ở chạc ba cây, Da nó xù xì múi nó dày. Quân tử có yêu xin yêu thì thương thì say xin đóng cọc nõ , Đừng Xin đừng Chớ đừng mân mó nữa nhựa ra tay.",https://www.thivien.net/H%E1%BB%93-Xu%C3%A2n-H%C6%B0%C6%A1ng/Qu%E1%BA%A3-m%C3%ADt/poem-LieX1fygdE0jurQxV_C4rQ
"Muôn dặm đường xa mới tới kinh, Bao nhiêu non nước bấy nhiêu tình. Rừng không, người vắng, chim kêu rốn, Trăng lặn, sao mờ, gió thổi rinh.",https://www.thivien.net/Phan-Thanh-Gi%E1%BA%A3n/Qua-r%E1%BB%ABng-v%E1%BA%AFng/poem-PqYCTCphR7mB4hU6Y-hEjw
"Cái kiếp tu hành nặng đá đeo, Làm chi một chút tẻo tèo teo. Thuyền từ cũng muốn về Tây Trúc , Trái gió cho nên phải lộn lèo.",https://www.thivien.net/H%E1%BB%93-Xu%C3%A2n-H%C6%B0%C6%A1ng/S%C6%B0-ho%E1%BA%A1nh-d%C3%A2m/poem-FW5cbM0YaktMhTajssd9GQ
"Xuống ngựa lên xe nọ tưởng nhàn, Lợm mùi giáng chức với thăng quan. Điền viên dạo chiếc xe bò cái, Sẵn tấm mo bưng miệng thế gian.",https://www.thivien.net/Nguy%E1%BB%85n-C%C3%B4ng-Tr%E1%BB%A9/Th%C6%A1-%C4%91%E1%BB%81-mo-cau/poem-8SHK80U9f93nzUXM1iZDVA
"Ba hồi trống giục thây cha kiếp, Một lát gươm đưa đéo mẹ đời! Sống làm tướng mạnh ba phương đất. Thác xuống thần thiêng bốn phía trời.",https://www.thivien.net/Ho%C3%A0ng-Phan-Th%C3%A1i/Th%C6%A1-tuy%E1%BB%87t-m%E1%BB%87nh/poem-SSg0YSXZGCzypeIC1UN9Xg
"Ngày xuân thong thả, tính thờ ơ Thấy chúng chăn trâu đánh cũng ưa Tưởng làm ba chữ mà chơi vậy Bổng chốc lên quan đã sướng chưa!",https://www.thivien.net/Nguy%E1%BB%85n-C%C3%B4ng-Tr%E1%BB%A9/Thua-b%E1%BA%A1c/poem-QhCH6XjeJ5xQeetef7QrJg
"Dắt díu đưa nhau đến cửa chiền, Cũng đòi học nói nói không nên. Ai về nhắn nhủ phường lòi tói , Muốn sống đem vôi quét trả đền.",https://www.thivien.net/H%E1%BB%93-Xu%C3%A2n-H%C6%B0%C6%A1ng/Ti%E1%BB%85n-ng%C6%B0%E1%BB%9Di-l%C3%A0m-th%C6%A1/poem-lErA4VPPGZZzwxtMXbsYZQ
"Sao nói rằng năm lại có ba? Trách người quân tử hẹn sai ra. Bao giờ thong thả lên chơi nguyệt , Nhớ hái cho xin nắm lá đa.",https://www.thivien.net/H%E1%BB%93-Xu%C3%A2n-H%C6%B0%C6%A1ng/Tr%C3%A1ch-Chi%C3%AAu-H%E1%BB%95/poem-PevYJ4ZQTa8nQsmeM0lQIQ
"Nào nón tu lờ nào mũ thâm, Đi đâu chẳng đội để ong châm. Đầu sư há phải gì bà cốt, Bá ngọ con ong bé cái nhầm.",https://www.thivien.net/H%E1%BB%93-Xu%C3%A2n-H%C6%B0%C6%A1ng/Tr%C3%A0o-t%C4%83ng/poem-HGACRiPNptGsfdAvpuEO5A
Thương vua mến chúa phải ra đi Bịu rịu làm chi thói nữ nhi Muôn dặm Trường An mau trở lại Vào chầu bệ ngọc hả lòng mi,https://www.thivien.net/Phan-Thanh-Gi%E1%BA%A3n/T%E1%BB%AB-bi%E1%BB%87t-phu-nh%C3%A2n/poem-cpdmgK3J0elLYWFe0UDQ-g
"Từ ngày đi sứ tới Tây kinh, Thấy việc Âu châu phải giật mình. Kêu gọi đồng bang mau kịp bước, Hết lời năn nỉ chẳng ai tin…",https://www.thivien.net/Phan-Thanh-Gi%E1%BA%A3n/T%E1%BB%B1-th%C3%A1n/poem-Jpb59qOl31NUFMyM4vMX7w
"Cu hời cu hỡi, bảo cu hay: Cu ở đâu mà cu đến đây? Đừng cậy lồng son và ấm sứ Có ngày thớt nghiến với dao phay!",https://www.thivien.net/Nguy%E1%BB%85n-Qu%C3%BD-T%C3%A2n/V%E1%BB%8Bnh-chim-b%E1%BB%93-c%C3%A2u/poem-VSl8M4IOaOF7L79JsbX-kA
"Một lũ ăn mày, một lũ quan, Quanh đi quẩn lại cũng một đoàn. Đến khi dầu hết đèn thôi cháy, Chẳng thấy ăn mày chẳng thấy quan!",https://www.thivien.net/Nguy%E1%BB%85n-Qu%C3%BD-T%C3%A2n/V%E1%BB%8Bnh-%C4%91%C3%A8n-k%C3%A9o-qu%C3%A2n/poem-EFXZg0ro2J6o4zvRSteB1w
"Thương ôi, sắc nước hương giời, Chơi hoa đã dễ mấy người biết hoa. Rõ ràng trong ngọc trắng ngà, Đào Nguyên lạc lối đâu mà đến đây?",https://www.thivien.net/Chu-M%E1%BA%A1nh-Trinh/V%E1%BB%8Bnh-hoa-thu%E1%BB%B7-ti%C3%AAn/poem-j3Y-sGVhlTnyEqUhDTO8rA
"Nào nào thằng nào sợ thằng nào, Đã sa xuống thấp lại lên cao. Hãy còn quanh quẩn trong vòng ấy, Ắt hẳn ghe phen phải lộn nhào.",https://www.thivien.net/Nguy%E1%BB%85n-C%C3%B4ng-Tr%E1%BB%A9/V%E1%BB%8Bnh-tr%C3%B2-leo-d%C3%A2y/poem-CkazKy4rzMMmBT5w5tQSVw
"“Nữ quyền” hôm ấy tớ rao chơi Ai bán mà mua của hiếm hoi! Một gánh giang sơn cùng gánh lấy Thời chi, ai có tiếc chi ai?",https://www.thivien.net/T%E1%BA%A3n-%C4%90%C3%A0/Ai-n%E1%BB%AF-quy%E1%BB%81n-ra-mua/poem-7GCd4msGLuPA4A3REi4sVg
"Gõ cửa làm chi quấy cả ngày, Hỏi ra mới biết lão ăn mày. Ăn mày chớ có ăn tao nhé , Gạo kém, đồng khô thế mới rầy.",https://www.thivien.net/Nguy%E1%BB%85n-Khuy%E1%BA%BFn/%C4%82n-m%C3%A0y/poem-ZNh1mjjGv4fB0X_bgr3Ccg
"Một trà, một rượu, một đàn bà, Ba cái lăng nhăng nó quấy ta. Chừa được cái gì hay cái nấy, Có chăng chừa rượu với chừa trà!",https://www.thivien.net/Tr%E1%BA%A7n-T%E1%BA%BF-X%C6%B0%C6%A1ng/Ba-c%C3%A1i-l%C4%83ng-nh%C4%83ng/poem-sfmhVlf4_IkoZCtK-3Bc5g
"Sơ khảo khoa này, bác cử Nhu Thực là vừa dốt lại vừa ngu Văn chương nào phải là đơn thuốc! Chớ có khuyên xằng, chết bỏ bu!",https://www.thivien.net/Tr%E1%BA%A7n-T%E1%BA%BF-X%C6%B0%C6%A1ng/B%C3%A1c-c%E1%BB%AD-Nhu/poem-8HJS3crDJpqqZAjLuYRPCQ
"Trống trường, trống phủ, trống lung tung Trống cũng quan, dân mới lạ lùng! Trống đánh mấy hồi mà lớn tiếng Dăm mòn, da mỏng cũng như không!",https://www.thivien.net/Tr%E1%BA%A7n-Qu%C3%BD-C%C3%A1p/B%C3%A0i-th%C6%A1-c%C3%A1i-tr%E1%BB%91ng/poem-qPi2P5oxqcnVGHd4cRPbaQ
"Sực tắc đi đêm gõ điếc tai, Tiền thời không có biết vay ai? Chú ơi, bán chịu tôi vài bát, Sáng mai tôi trả một thành hai.",https://www.thivien.net/Tr%E1%BA%A7n-T%E1%BA%BF-X%C6%B0%C6%A1ng/B%E1%BA%A3o-ng%C6%B0%E1%BB%9Di-b%C3%A1n-s%E1%BB%B1c-t%E1%BA%AFc/poem-vMvlMoNf_BRDsgihTwCejA
Một mối tơ tình buộc chết ai? Bán văn buôn chữ kiếp nào thôi? Ruột tầm rút mãi chưa thành kén Có nhẽ lôi thôi suốt cả đời,https://www.thivien.net/T%E1%BA%A3n-%C4%90%C3%A0/B%E1%BA%A1t/poem-MH98z0RNzZHwP4Es7EN2Tg
"Ngồi rỗi, ăn không, nói gẫu chơi Ai nghe, nghe gẫu một đôi lời Hai mươi năm lẻ hoài cơm áo Mà đến bi giờ có thế thôi",https://www.thivien.net/T%E1%BA%A3n-%C4%90%C3%A0/B%E1%BA%A1t/poem-g6hEK7c05AkyXeGs3gymxQ
Săn nai săn thỏ chuyện đà thường Nay lại săn người chốn Vỹ Hương Già trẻ gái trai chung một lứa Ngậm than ngùi thở với tang thương!,https://www.thivien.net/Nguy%E1%BB%85n-Ph%C3%BAc-%C6%AFng-B%C3%ACnh/B%E1%BB%91-r%C3%A1p-l%C3%A0ng-V%E1%BB%B9-D%E1%BA%A1/poem-aECVyFNiss-j5VGmcHes1A
"Xâm lấn đất ta đã bấy nay, Anh hùng gặp hội quyết ra tay. Nhỏ to những mấy vơ ngang cả, Dài vắn bao nhiêu bứt cả dây.",https://www.thivien.net/%C4%90o%C3%A0n-Ch%C3%AD-Tu%C3%A2n/B%E1%BB%9Bi-khoai/poem-Z47ar9rl-X26ZrCydUo-QA
"Ấm không ra ấm, ấm ra nồi, Ấm chạy lăng quăng, ấm chẳng ngồi. Chán cả đồ chuyên cùng chén mẫu , Luộc giò, nấu thịt, lại đồ xôi.",https://www.thivien.net/Tr%E1%BA%A7n-T%E1%BA%BF-X%C6%B0%C6%A1ng/B%E1%BB%A1n-%C3%B4ng-%E1%BA%A5m-%C4%90i%E1%BB%81m/poem-tXbsO9aaEZSidb0DcfWWZg
"Tri phủ Xuân Trường được bốn niên, Nhờ trời hạt ấy được bình yên. Chữ “y”, chữ “chiếu” không phê đến, Ông chỉ phê ngay một chữ “tiền”!",https://www.thivien.net/Tr%E1%BA%A7n-T%E1%BA%BF-X%C6%B0%C6%A1ng/B%E1%BB%A1n-tri-ph%E1%BB%A7-Xu%C3%A2n-Tr%C6%B0%E1%BB%9Dng/poem-j_pGF6oZX5L00e0fk6PVZA
"Cái nhớ hình dung nó thế nào? Khiến người ngao ngán, ngẩn ngơ sao! Biết nhau cho lắm thêm buồn nhé Để khách bên trời dạ ước ao!",https://www.thivien.net/Tr%E1%BA%A7n-T%E1%BA%BF-X%C6%B0%C6%A1ng/C%C3%A1i-nh%E1%BB%9B/poem-RmXUU7fEVX-bzj3JGeo2Dw
"Ông về đốc học đã bao lâu, Cờ bạc rong chơi rặt một màu! Học trò chúng nó tội gì thế, Để đến cho ông vớ được đầu?",https://www.thivien.net/Tr%E1%BA%A7n-T%E1%BA%BF-X%C6%B0%C6%A1ng/Ch%E1%BA%BF-%C3%B4ng-%C4%91%E1%BB%91c-h%E1%BB%8Dc/poem-NUALP4IG1twSGcP8IjpLrQ
"Thánh cắt ông vào chủ việc thi , Đêm ngày coi sóc chốn trường qui. Chẳng hay gian dối vì đâu vậy? Bá ngọ thằng ông biết chữ gì!",https://www.thivien.net/Tr%E1%BA%A7n-T%E1%BA%BF-X%C6%B0%C6%A1ng/Ch%E1%BA%BF-%C3%B4ng-huy%E1%BB%87n-%C4%90/poem-ZYZRG2iZBM_DWCftVonvbg
"Tôi thấy người ta có bảo rằng: Bảo rằng thằng Cuội ở cung trăng! Chứa ai chả chứa, chứa thằng Cuội, Tôi gớm gan cho cái chị Hằng.",https://www.thivien.net/Tr%E1%BA%A7n-T%E1%BA%BF-X%C6%B0%C6%A1ng/Ch%E1%BB%8B-H%E1%BA%B1ng-th%E1%BA%B1ng-Cu%E1%BB%99i/poem-DBzuIjgVf987jvyAOI0hNw
Bỗng thấy chiêm bao thấy những người Thấy người nói nói lại cười cười Tỉnh ra lại tiếc người trong mộng Mộng thế thì bằng tỉnh mấy mươi,https://www.thivien.net/Tr%E1%BA%A7n-T%E1%BA%BF-X%C6%B0%C6%A1ng/Chi%C3%AAm-bao/poem-tG9yzUtlVQp8xl5LEg3klQ
"Nằm nghe tiếng trống, trống canh ba Vừa giấc chiêm bao chợt tỉnh ra Thiên hạ dễ thường đang ngủ cả Việc gì mà thức một mình ta?",https://www.thivien.net/Tr%E1%BA%A7n-T%E1%BA%BF-X%C6%B0%C6%A1ng/Ch%E1%BB%A3t-gi%E1%BA%A5c/poem-BJMNJCyANI--OvwKYgIKMw
"Hang sâu ai khéo đựng nền chùa, Nước biếc non xanh đúc một hồ. Cũng muốn vui chơi phong cảnh bụt, Ba sinh đã được mấy lần tu?",https://www.thivien.net/%C4%90%E1%BA%B7ng-V%C5%A9-Tr%E1%BB%A3/Ch%C3%B9a-Tam-Gi%C3%A1o/poem-H4xJflaKEG-cB1ADGyzSiw
"Nào có nghĩa gì cái chữ nho, Ông nghè ông cống cũng nằm co. Chi bằng đi học làm thầy phán, Tối rượu sâm banh, sáng sữa bò.",https://www.thivien.net/Tr%E1%BA%A7n-T%E1%BA%BF-X%C6%B0%C6%A1ng/Ch%E1%BB%AF-nho/poem-VAIYZ8Vw-lPK2IXbVmw62w
"Những lúc say sưa cũng muốn chừa, Muốn chừa nhưng tính lại hay ưa. Hay ưa nên nỗi không chừa được. Chừa được nhưng mà cũng chẳng chừa.",https://www.thivien.net/Nguy%E1%BB%85n-Khuy%E1%BA%BFn/Ch%E1%BB%ABa-r%C6%B0%E1%BB%A3u/poem-LrvsxXB5o54I2mz_cnvP6A
"Ấm Kỉ này đây, tớ bảo này: Cha con mày phải cái này cay! Thôi đừng điếu tráp nghênh ngang nữa, Thằng tiểu Phù Long nó chửi mày .",https://www.thivien.net/Tr%E1%BA%A7n-T%E1%BA%BF-X%C6%B0%C6%A1ng/Ch%E1%BB%ADi-c%E1%BA%ADu-%E1%BA%A5m/poem-0JMYE2uZaqFMFGsoDePDQw
I Một đàn cò trắng nó bay tung Nó lại thương em lật đật chồng Mày có biết ai người phụ bạc Thời lên mách hộ với thiên công II Một đàn cò trắng đến giời xanh Nó mách cho ai dám phụ tình Giời bảo trần gian hay dắc díu Sai ông Nguyệt xuống dứt tơ mành,https://www.thivien.net/T%E1%BA%A3n-%C4%90%C3%A0/C%C3%B2-tr%E1%BA%AFng/poem-LQPXQqjZ0xjPygQe_IoXKg
"Chẳng phải vương công, chẳng phải hầu, Học đòi đái kiếm lại mang râu. Khoe khoang mắt đỏ trong dòng bích, Chẳng biết mình va cứt lộn đầu.",https://www.thivien.net/H%E1%BB%8Dc-L%E1%BA%A1c/Con-t%C3%B4m/poem-Si83EP3EualDuzImQETrmA
"Cô ở nước nào da trắng hung? Hỏi cô, cô chẳng nói năng cùng. Nước đời được mấy người như thế, Mới nửa trên mà đã muốn trông.",https://www.thivien.net/T%E1%BB%AB-Di%E1%BB%85n-%C4%90%E1%BB%93ng/C%C3%B4-%C4%91%E1%BA%A7m/poem-8IxU3aXf-kiccwQCFjza7Q
"Đương cơn lộn xộn ló đầu ra, Người thấy ai mà chẳng sợ va! Cậy thế khom lưng ngồi dưới đít. Biết đâu sắp bị chó liền tha!",https://www.thivien.net/Phan-V%C4%83n-Tr%E1%BB%8B/C%E1%BB%A5c-ph%C3%A2n/poem-TGX9vqiGRHAVb-LhQDAo6w
"Mưa gió đem nhau đến giữa đèo, Trèo lên trèo xuống những treo leo. Thôi thôi sống thác xin đừng ngại, Giời bể mênh mông một cái liều.",https://www.thivien.net/Hu%E1%BB%B3nh-Th%C3%BAc-Kh%C3%A1ng/C%C3%B9ng-b%E1%BA%A1n-qua-%E1%BA%A2i-V%C3%A2n-ng%C3%A0y-gi%E1%BB%9Di-m%C6%B0a/poem-3fLypmlKv9irBR4bdHr8JQ
"Kìa cái đêm nay mới gọi đêm! Mắt giương, trong bụng ngủ không thèm Tình này ai tỏ cho ta nhỉ? Tâm sự năm canh một ngọn đèn",https://www.thivien.net/Tr%E1%BA%A7n-T%E1%BA%BF-X%C6%B0%C6%A1ng/D%E1%BA%A1-ho%C3%A0i/poem-VyjGNUTUH69SKzKwd8yTfw
"Thấy anh, tôi nghĩ lại, tôi buồn, Tôi khó, anh giàu đã quá muôn. Anh vậy, tôi vầy, trời khiến vậy, Chúc cho con cháu vậy luôn luôn!",https://www.thivien.net/%C4%90%E1%BB%97-Nh%C6%B0-T%C3%A2m/%C4%90%C3%A1p-b%C3%A1-h%E1%BB%99-N%E1%BB%8Dn/poem-bdJZ3G5jFlIlgY4ZBhpoCA
"Chẳng phải tiên cô cũng đạo cô, Cuộc đời dâu bể há chi mô! Lọng sườn dầu rách còn kêu lọng, Ô bịt vàng ròng vẫn tiếng ô.",https://www.thivien.net/S%C6%B0%C6%A1ng-Nguy%E1%BB%87t-Anh/%C4%90%C3%A1p-th%C3%A0y-b%E1%BA%A3y-Nguy%E1%BB%87n-%E1%BB%9F-M%E1%BB%8F-C%C3%A0y-b%C3%A0i-1/poem-YHC-wT1Bh4tzlJfKQn7LRQ
"Phải thời cô quả, chịu thời cô, Chẳng biết tuồng đời tính thế mô. Dòm thấy bụi trần toan đóng cửa, Ngọc lành chi để thẹn danh ô!",https://www.thivien.net/S%C6%B0%C6%A1ng-Nguy%E1%BB%87t-Anh/%C4%90%C3%A1p-th%C3%A0y-b%E1%BA%A3y-Nguy%E1%BB%87n-%E1%BB%9F-M%E1%BB%8F-C%C3%A0y-b%C3%A0i-2/poem-atdjSiXX22tCGJDAF8lYbQ
"Cử Thăng, huấn Mỹ, tú Tây Hồ, Ba bác chung nhau một cái đồ. Mới biết trời cho sum họp mặt, Thôi đừng chê nhỏ với cười to!",https://www.thivien.net/Tr%E1%BA%A7n-T%E1%BA%BF-X%C6%B0%C6%A1ng/%C4%90%E1%BB%81-%E1%BA%A3nh/poem-khLhtOT31-D83Yb4EmLcIg
"Hai con, con đẻ với con chồng Tình nghĩa đem cân một tấc lòng Nghĩa nặng cho nên tình phải nhẹ Suối vàng ai có biết cho không?",https://www.thivien.net/T%E1%BA%A3n-%C4%90%C3%A0/%C4%90%E1%BB%81-b%C3%A0i-B%C3%A0-m%E1%BA%B9-gh%E1%BA%BB-c%C3%B3-ngh%C4%A9a/poem-pzCTzeig3O3EGN4Gv-pYhg
"Thay đổi Thương, Chu một cuộc đời Công cao sức cả biết bao người Ai hay cơ nghiệp tám trăm đó Gây dựng từ trong một bọc thai",https://www.thivien.net/T%E1%BA%A3n-%C4%90%C3%A0/%C4%90%E1%BB%81-b%C3%A0i-B%C3%A0-Th%C3%A1i-Nh%C3%A2m-nh%C3%A0-Chu/poem-lxcOaHHsc5NQAKkf1H2F6A
"Tám con khác mẹ, mẹ thời chung Lòng mẹ con ơi, có biết không? Vinh hiển một nhà ơn đức mẹ Làm gương mẹ ghẻ với con chồng",https://www.thivien.net/T%E1%BA%A3n-%C4%90%C3%A0/%C4%90%E1%BB%81-b%C3%A0i-M%E1%BA%B9-hi%E1%BB%81n-c%E1%BB%A7a-h%E1%BB%8D-Mang-n%C6%B0%E1%BB%9Bc-Ngu%E1%BB%B5/poem-iKhAhKt4dWksNNTipWTe0A
Da mồi tóc bạc mẹ như ai Như mẹ nghìn thu có mấy người? Hầu tước năm đời con đến cháu Thanh gươm bao ná giọt tình rơi,https://www.thivien.net/T%E1%BA%A3n-%C4%90%C3%A0/%C4%90%E1%BB%81-b%C3%A0i-M%E1%BA%B9-V%C6%B0%C6%A1ng-L%C4%83ng/poem-d2uIPrLg5r_ASqwC-Kxccg
"Mấy tao giúp Triệu lại phò Lê, Nạn nước tai dân phải độ trì. Thanh kiếm Lam Sdn, thuyền Dạ Trạch, Hổ lang quân giặc khiếp thần uy.",https://www.thivien.net/D%C6%B0%C6%A1ng-B%C3%A1-Tr%E1%BA%A1c/%C4%90%E1%BB%81-%C4%91%E1%BB%81n-%C4%90a-Ho%C3%A0/poem-8JMTVty9YVJ6d-vLt_l0JQ
"Cõi đời vinh quý thẩy hoa man, Suớng nhất tinh thần xuất thế gian. Trăng gió cùng mây không mảy bụi, Cùng nhau xướng hoạ khúc cầm loan . ",https://www.thivien.net/D%C6%B0%C6%A1ng-B%C3%A1-Tr%E1%BA%A1c/%C4%90%E1%BB%81-%C4%91%E1%BB%81n-%C4%90a-Ho%C3%A0/poem-8JMTVty9YVJ6d-vLt_l0JQ
"Thanh cao khác tục tức là tiên, Câu chuyện phi thăng cũng chẳng huyền. Nhắn nhủ người đời mong bất tử, Tâm nhân dục tỉnh ấy chân thuyên. ",https://www.thivien.net/D%C6%B0%C6%A1ng-B%C3%A1-Tr%E1%BA%A1c/%C4%90%E1%BB%81-%C4%91%E1%BB%81n-%C4%90a-Ho%C3%A0/poem-8JMTVty9YVJ6d-vLt_l0JQ
"Điện ngọc lầu vàng ngó dửng dưng, Bụi trần phủi hết sạch lâng lâng. Dắt nhau lánh gót Quỳnh Am ẩn, Nón gậy đi về với gió trăng. ",https://www.thivien.net/D%C6%B0%C6%A1ng-B%C3%A1-Tr%E1%BA%A1c/%C4%90%E1%BB%81-%C4%91%E1%BB%81n-%C4%90a-Ho%C3%A0/poem-8JMTVty9YVJ6d-vLt_l0JQ
"Nhân gian hiếu tử dễ bao người, Kén rể hiền nga thật xứng đôi. Vì nết yêu nhau quên phú quý, Hoàng Anh chuyện trước nữa là hai. ",https://www.thivien.net/D%C6%B0%C6%A1ng-B%C3%A1-Tr%E1%BA%A1c/%C4%90%E1%BB%81-%C4%91%E1%BB%81n-%C4%90a-Ho%C3%A0/poem-8JMTVty9YVJ6d-vLt_l0JQ
"Con chồng dì ghẻ truyện Châu Nhai, Từ hiếu hai bên được cả hai. Mươi hạt ngọc trai bao hạt lệ, Mấy hàng lệ ngọc báu hơn trai.",https://www.thivien.net/T%E1%BA%A3n-%C4%90%C3%A0/%C4%90%E1%BB%81-sau-b%C3%A0i-Hai-ng%C6%B0%E1%BB%9Di-ngh%C4%A9a-Ch%C3%A2u-Nhai/poem-NOedIXCWS_5jLZbxK-X4IQ
"Kinh kinh, sách sách nghĩ mà rờm! Tốn bấc, hao dầu, chỉ hại cơm. Miệng đọc, tai nghe, lòng chẳng nghĩ, Trông trên mắt Phật vẫn đương lườm.",https://www.thivien.net/Nguy%E1%BB%85n-H%E1%BB%AFu-Chu/%C4%90%E1%BB%81-v%C3%A1ch-m%E1%BB%99t-c%E1%BA%A3nh-ch%C3%B9a/poem--lYSbf-YUc57DU3Q1wtWQg
"Nực cổi chi ra nỗi cực lòng, Dòng châu lai láng dỉa dầu chong. Khó đi tìm hỏi nhau khi đó, Công khó chờ nhau biết có không?",https://www.thivien.net/Nguy%E1%BB%85n-Khoa-Vy/%C4%90%C3%AAm-khuya-%C4%91%E1%BB%A3i-t%C3%ACnh-nh%C3%A2n/poem-q3sL1G4Bvt4wEF9HBmFwuA
"I Bóng trúc bên rèm thoảng gió nam Trăng soi ly rượu lúc vơi tràn Đêm chầy khắc khoải niềm mong đợi Trút nỗi ưu tư lựa phím đàn II Trút nỗi ưu tư lựa phím đàn Tình nhà nghĩa nước phổ nên xoang Khúc nhôi giãi tỏ, cung dìu dặt Chén tạc mời ai hỏi gió vàng III Chén tạc mời ai hỏi gió vàng Bâng khuâng mỗi độ đón thu sang Tiếng tơ gửi bạn bao mùa vắng Mỏi mắt chờ ai giữa thế gian! IV Mỏi mắt chờ ai giữa thế gian Tử Kỳ mong gặp - giấc mơ vàng! Trăng kia có thấu lòng du khách? Trải mấy tàn canh muốn đập đàn...",https://www.thivien.net/Ng%C3%B4-Quang-%C4%90oan/%C4%90%C3%AAm-thu-g%E1%BA%A3y-%C4%91%C3%A0n-nguy%E1%BB%87t-c%E1%BA%A3m-x%C3%BAc-l%C3%A0m-th%C6%A1/poem-bhq86rvT8o2Y8qzgWHivSw
"Đập cũ thuyền đưa đủ cặp rồi. Trời cho sức khoẻ lắm trò chơi. Có đôi khi rảnh lên côi đó, Cười ngả nghiêng vui ngất cả người.",https://www.thivien.net/Nguy%E1%BB%85n-Khoa-Vy/%C4%90i-ch%C6%A1i-thuy%E1%BB%81n-%E1%BB%9F-%C4%90%E1%BA%ADp-%C4%90%C3%A1-Hu%E1%BA%BF/poem-xPMhRCj4A_r48AlrL42P8Q
"Người chẳng ra người, ma chẳng ma Nào ai còn biết ở đâu ra Đi đêm tưởng đã quen đường lắm Hỏi lối công danh cũng mập mờ",https://www.thivien.net/T%E1%BA%A3n-%C4%90%C3%A0/%C4%90i-%C4%91%C3%AAm-%C4%91ay-b%C3%B3ng/poem-pgKZ6fK-oWkKBHlO5mnODQ
"I Mộng thế tôi đây cũng mộng đời, Dắt nhau đi khắp địa cầu chơi. Bể băng hiếm nhiệm cù lao nhỏ , Kiếm đất ta làm một nước vui. II Làng chơi biết mấy tỉnh Hà ta, Này lũ tùm năm lũ túm ba. Dễ cũng giai nhân tài tử đó, Đêm đêm dắt díu miệt tường hoa. III Ghẻ lạnh xưa nay lạ thói đời, Mắt xanh ai để giữa trần ai? Ấm chè gác kín tình tri kỷ, Cũng đáng cho lên đứng tận giời . IV Bèo nổi mây chìm với nước non, Lò giời đúc chuốt mặt giai khôn. Phong trần là miếng chua cay thật. Có nếm qua rồi mới biết ngon. V Đà, Tản giang sơn hoạ có người, Văn hào triết học hỏi xem ai? Trầm tiềm cương nghị xin ai nhớ, Hay cũng người trong giấc mộng thôi?",https://www.thivien.net/D%C6%B0%C6%A1ng-B%C3%A1-Tr%E1%BA%A1c/%C4%90%E1%BB%8Dc-quy%E1%BB%83n-ti%E1%BB%83u-thuy%E1%BA%BFt-Gi%E1%BA%A5c-m%E1%BB%99ng-con-c%E1%BB%A7a-%C3%B4ng-Nguy%E1%BB%85n-Kh%E1%BA%AFc-Hi%E1%BA%BFu/poem-BfZb80fvMbvSJuydakwJZQ
"Tửu quán ca lâu khách chập chùng , Thú riêng riêng một chốn thư phòng. Ngồi buồn chuyện với người thiên cổ. Hoàng quyển thanh đăng chiếu nỗi lòng.",https://www.thivien.net/D%C6%B0%C6%A1ng-B%C3%A1-Tr%E1%BA%A1c/%C4%90%E1%BB%8Dc-s%C3%A1ch/poem-IpK3Vqw93L-38AqYhLzmyQ
"Nghe nói khoa này sắp đổi thi Các thầy đồ cổ đỗ mau đi! Dẫu không bia đá còn bia miệng Vứt bút lông đi, giắt bút chì!",https://www.thivien.net/Tr%E1%BA%A7n-T%E1%BA%BF-X%C6%B0%C6%A1ng/%C4%90%E1%BB%95i-thi/poem-c27rIyOo5uC7D3gqtWMmYw
"I Bóng trúc bên rèm thoảng gió nam Trăng soi ly rượu lúc vơi tràn Đêm chầy khắc khoải niềm mong đợi Trút nỗi ưu tư lựa phím đàn II Trút nỗi ưu tư lựa phím đàn Tình nhà nghĩa nước phổ nên xoang Khúc nhôi giãi tỏ, cung dìu dặt Chén tạc mời ai hỏi gió vàng III Chén tạc mời ai hỏi gió vàng Bâng khuâng mỗi độ đón thu sang Tiếng tơ gửi bạn bao mùa vắng Mỏi mắt chờ ai giữa thế gian! IV Mỏi mắt chờ ai giữa thế gian Tử Kỳ mong gặp - giấc mơ vàng! Trăng kia có thấu lòng du khách? Trải mấy tàn canh muốn đập đàn...",https://www.thivien.net/Ng%C3%B4-Quang-%C4%90oan/%C4%90%C3%AAm-thu-g%E1%BA%A3y-%C4%91%C3%A0n-nguy%E1%BB%87t-c%E1%BA%A3m-x%C3%BAc-l%C3%A0m-th%C6%A1/poem-bhq86rvT8o2Y8qzgWHivSw
"Đập cũ thuyền đưa đủ cặp rồi. Trời cho sức khoẻ lắm trò chơi. Có đôi khi rảnh lên côi đó, Cười ngả nghiêng vui ngất cả người.",https://www.thivien.net/Nguy%E1%BB%85n-Khoa-Vy/%C4%90i-ch%C6%A1i-thuy%E1%BB%81n-%E1%BB%9F-%C4%90%E1%BA%ADp-%C4%90%C3%A1-Hu%E1%BA%BF/poem-xPMhRCj4A_r48AlrL42P8Q
"Người chẳng ra người, ma chẳng ma Nào ai còn biết ở đâu ra Đi đêm tưởng đã quen đường lắm Hỏi lối công danh cũng mập mờ",https://www.thivien.net/T%E1%BA%A3n-%C4%90%C3%A0/%C4%90i-%C4%91%C3%AAm-%C4%91ay-b%C3%B3ng/poem-pgKZ6fK-oWkKBHlO5mnODQ
"I Mộng thế tôi đây cũng mộng đời, Dắt nhau đi khắp địa cầu chơi. Bể băng hiếm nhiệm cù lao nhỏ , Kiếm đất ta làm một nước vui. II Làng chơi biết mấy tỉnh Hà ta, Này lũ tùm năm lũ túm ba. Dễ cũng giai nhân tài tử đó, Đêm đêm dắt díu miệt tường hoa. III Ghẻ lạnh xưa nay lạ thói đời, Mắt xanh ai để giữa trần ai? Ấm chè gác kín tình tri kỷ, Cũng đáng cho lên đứng tận giời . IV Bèo nổi mây chìm với nước non, Lò giời đúc chuốt mặt giai khôn. Phong trần là miếng chua cay thật. Có nếm qua rồi mới biết ngon. V Đà, Tản giang sơn hoạ có người, Văn hào triết học hỏi xem ai? Trầm tiềm cương nghị xin ai nhớ, Hay cũng người trong giấc mộng thôi?",https://www.thivien.net/D%C6%B0%C6%A1ng-B%C3%A1-Tr%E1%BA%A1c/%C4%90%E1%BB%8Dc-quy%E1%BB%83n-ti%E1%BB%83u-thuy%E1%BA%BFt-Gi%E1%BA%A5c-m%E1%BB%99ng-con-c%E1%BB%A7a-%C3%B4ng-Nguy%E1%BB%85n-Kh%E1%BA%AFc-Hi%E1%BA%BFu/poem-BfZb80fvMbvSJuydakwJZQ
"Tửu quán ca lâu khách chập chùng , Thú riêng riêng một chốn thư phòng. Ngồi buồn chuyện với người thiên cổ. Hoàng quyển thanh đăng chiếu nỗi lòng.",https://www.thivien.net/D%C6%B0%C6%A1ng-B%C3%A1-Tr%E1%BA%A1c/%C4%90%E1%BB%8Dc-s%C3%A1ch/poem-IpK3Vqw93L-38AqYhLzmyQ
"Nghe nói khoa này sắp đổi thi Các thầy đồ cổ đỗ mau đi! Dẫu không bia đá còn bia miệng Vứt bút lông đi, giắt bút chì!",https://www.thivien.net/Tr%E1%BA%A7n-T%E1%BA%BF-X%C6%B0%C6%A1ng/%C4%90%E1%BB%95i-thi/poem-c27rIyOo5uC7D3gqtWMmYw
"Tại Ngũ Hành Sơn ở Quảng Nam Vô động Huyền Không núi Ngũ Hành Ngỏ lời tâm sự với sơn linh Rêu xanh đá bạc ghi hàng chữ Là chữ ""Vương tôn Thúc Giạ Bình""",https://www.thivien.net/Nguy%E1%BB%85n-Ph%C3%BAc-%C6%AFng-B%C3%ACnh/%C4%90%E1%BB%99ng-Huy%E1%BB%81n-Kh%C3%B4ng/poem-1Jlb9YS_cPsSWwVb_7YxKg
"Thiên lý nhân tâm bước lộ trình, Chết rồi sống lại các sinh linh. Đông cung sáng suốt treo vừng nhật, Kịp gửi thuyền Tây để tới Kinh.",https://www.thivien.net/%C4%90%E1%BA%B7ng-Th%C3%A1i-Th%C3%A2n/%C4%90%E1%BB%A3i-thuy%E1%BB%81n/poem-_BGBdLoOrXwOjtCZnMV30g
"Thu vén giang sơn một cắp tròn, Nghìn thu sương tuyết vẫn không mòn. Biết chăng chỉ có ông Hà Bá, Mỉm mép cười thầm với nước non.",https://www.thivien.net/Nguy%E1%BB%85n-Khuy%E1%BA%BFn/G%C3%A1i-r%E1%BB%ADa-%C4%91%C3%ADt-b%E1%BB%9D-s%C3%B4ng/poem-bStw6CGs6GeDCX1xeoHADQ
"Giữa đường nay gặp gánh tương tư, Nửa ngỡ là quen, nửa lại ngờ. Mở nón hoá ra người cũ thực, A di đà Phật! Chị mình dư?",https://www.thivien.net/Nguy%E1%BB%85n-Khuy%E1%BA%BFn/G%E1%BA%B7p-s%C6%B0-ni/poem-AlcLpTHfm319FWCpVZHJeA
"Một đàn thằng hỏng đứng mà trông, Nó đỗ khoa này có sướng không! Trên ghế bà đầm ngoi đít vịt, Dưới sân, ông cử ngỏng đầu rồng.",https://www.thivien.net/Tr%E1%BA%A7n-T%E1%BA%BF-X%C6%B0%C6%A1ng/Gi%E1%BB%85u-ng%C6%B0%E1%BB%9Di-thi-%C4%91%E1%BB%97/poem-wZA5Z4v4NalNYdOEFxuo-A
"Việc thánh như ông đã hết lòng, Hết lòng ra của lại ra công. Từ rày thầy mẹ quan viên hội, Thi khảo làm chi nó chửi ông.",https://www.thivien.net/Tr%E1%BA%A7n-T%E1%BA%BF-X%C6%B0%C6%A1ng/Gi%E1%BB%85u-%C3%B4ng-%C4%91%E1%BB%99i/poem-LcWA6O0Kw3Hhhgx_zeJCoQ
"Đêm ngày mơ tưởng mặt Hồng Lam Nếu hoá thân làm ngọn gió nam, Thổi miết một hơi về tận Nghệ, Câu thơ bầu rượu, họp anh em.",https://www.thivien.net/Phan-B%E1%BB%99i-Ch%C3%A2u/G%E1%BB%ADi-b%E1%BA%A1n-b%C3%A0i-2/poem-PUBaBZq7K4LvTF-QPZr9bQ
"Ước ao gió thổi Bác vào kinh, Gió thổi Nam hoài, quá bực minh Nếu có tàu bay lên vặn miết, Trong ba mươi phút tới thành Vinh.",https://www.thivien.net/Phan-B%E1%BB%99i-Ch%C3%A2u/G%E1%BB%ADi-b%E1%BA%A1n-b%C3%A0i-3/poem-crYiO_X3XDdtitvdbWiEwg
"Một vùng kim bích giữa hồ đầm, Thần múa, tiên cười trước gió nam. Tròn lửng bóng in trăng đáy nước, Hồng tươi sắc khiếp ráng chiều hôm. Trên tay Phật Thích càng thêm thánh , Dưới gót Phan Thi chẳng kể phàm. Quân tử hay hoa ai biết chẳng, Ngàn thu ruột đắng với lòng thơm.",https://www.thivien.net/Phan-B%E1%BB%99i-Ch%C3%A2u/Hoa-sen/poem-k87AD7cXTaYhi-c8Orxhyg
"Bể ái sóng ân còn lắm lúc, Mây ngàn hạc nội biết là nơi. Một dây oan trái vay rồi trả, Mấy cuộc tang thương dễ đổi dời.",https://www.thivien.net/S%C6%B0%C6%A1ng-Nguy%E1%BB%87t-Anh/Ho%E1%BA%A1-th%C6%A1-%C3%B4ng-Ph%E1%BB%A7-H%E1%BB%8Dc/poem-WDoYeg9HkLdDj1bkY25ZSQ
"Bao nả giang sơn một gánh tròn, Nghìn thu sương tuyết vẫn không mòn; Biết chăng chỉ có ông Hà bá, Mỉm mép cười thầm với nước non.",https://www.thivien.net/Nguy%E1%BB%85n-Khuy%E1%BA%BFn/H%E1%BB%8Fi-%C4%91%C3%A1/poem-83Cj6f5vzFy0TC_PCvTOLQ
"Ông có đi thi ký lục không? Nghe ông quốc ngữ học chưa thông. Ví dù nhà nước cho ông đỗ, Mỗi tháng lương ông được mấy đồng?",https://www.thivien.net/Tr%E1%BA%A7n-T%E1%BA%BF-X%C6%B0%C6%A1ng/H%E1%BB%8Fi-%C4%91%C3%B9a-m%C3%ACnh/poem-PPHKNipjENvZFLSGPiZIhQ
"Nó rủ nhau đi hót của trời Đang khi trời ngủ, của trời rơi. Hót mau kẻo nữa kinh trời dậy Trời dậy thì bay chết bỏ đời!",https://www.thivien.net/Tr%E1%BA%A7n-T%E1%BA%BF-X%C6%B0%C6%A1ng/H%C3%B3t-c%E1%BB%A7a-tr%E1%BB%9Di/poem-KPXZcOtZZeWWwj6ys6nqyw
"Thanh kiếm bình Ngô lặn mất tăm, Nước ngâm trong vắt biết bao tầm! Hồ Sơn nước cũ còn nguyên đó, Công đức Hoàng Lê ức vạn năm.",https://www.thivien.net/D%C6%B0%C6%A1ng-B%C3%A1-Tr%E1%BA%A1c/H%E1%BB%93-Ho%C3%A0n-Ki%E1%BA%BFm/poem-88AqwRIeGp-mABe5RTB4EA
"Tám năm chủ quận phận vuông tròn, May được hồi kinh hết cúi lòn. Công nghiệp dựng gây nay kiểm lại: Mấy pho tiểu thuyết, một bầy con!",https://www.thivien.net/H%E1%BB%93-V%C4%83n-Trung/H%E1%BB%93i-kinh/poem-eRRJWZI-ipn6ypvsYZRXHA
Năm nay tuổi đã ba mươi hai Ta nghĩ mà ta chẳng giống ai Khắp bốn phương giời không thước đất Địa cầu những muốn ghé bên vai,https://www.thivien.net/T%E1%BA%A3n-%C4%90%C3%A0/Khai-b%C3%BAt-n%C4%83m-Canh-Th%C3%A2n-1920/poem-NvUUPArKd28-MRwUCsg62w
"Năm nay tuổi đã ba mươi ba Ta nghĩ mà ai chẳng giống ta Lo nước, lo nhà, lo thế giới Còn thêm lo nợ, gỡ chưa ra!",https://www.thivien.net/T%E1%BA%A3n-%C4%90%C3%A0/Khai-b%C3%BAt-n%C4%83m-T%C3%A2n-D%E1%BA%ADu-1921/poem-TJ484E4UaZkkQYWmWC2ulg
"Hai đứa tranh nhau cái thủ khoa; Tuân khoe văn hoạt, Nghị văn già . Năm nay đỗ rặt phường hay chữ, Kìa bác Lê Tuyên cũng thứ ba !",https://www.thivien.net/Tr%E1%BA%A7n-T%E1%BA%BF-X%C6%B0%C6%A1ng/Khoa-Canh-T%C3%BD/poem-M4oggIc1jDdgJ-ddTjdnEA
"Con trâu chưa dậy, mục còn chơi Luống để cho ai những ngậm ngùi Thằng mục đã về trâu đã dậy Đời chưa đáng chán, chị em ơi!",https://www.thivien.net/T%E1%BA%A3n-%C4%90%C3%A0/Kh%C3%B4ng-%C4%91%E1%BB%81-Con-tr%C3%A2u-ch%C6%B0a-d%E1%BA%ADy-m%E1%BB%A5c-c%C3%B2n-ch%C6%A1i/poem-7KoRUgRo4vH-VwMfJZfUjg
Mợ bảo vần Tây chẳng khó gì! Cho tiền đi học để chờ thì. Thôi thôi lạy mợ “ xanh căng ” lạy. Mả tổ tôi không táng bút chì!,https://www.thivien.net/Tr%E1%BA%A7n-T%E1%BA%BF-X%C6%B0%C6%A1ng/Kh%C3%B4ng-h%E1%BB%8Dc-v%E1%BA%A7n-T%C3%A2y/poem-qghB0j_KjtNymWhIH6d7uQ
"Chạy chữa chai chân chẳng chịu chừa, Chín chìu chua chát chán chê chưa? Cha chài chú chóp chơi chung chạ, Chẳng chính chuyên chi, chớ chực chờ!",https://www.thivien.net/Nguy%E1%BB%85n-Khoa-Vy/Khuy%C3%AAn-ng%C6%B0%E1%BB%9Di-%C4%91a-t%C3%ACnh/poem-a1esJCf4-shADtnhphT6EA
"Vì ai mối lái bởi vì ai? Con gái Nam ta lấy nước ngoài, Ôi cụ Hồng ơi, phù hộ với, Không thì con cháu hoá ra lai!",https://www.thivien.net/Nguy%E1%BB%85n-Khuy%E1%BA%BFn/L%E1%BA%A5y-T%C3%A2y-b%C3%A0i-2/poem-GJrYLBNZRW2X7XiUBtS_Hw
"Muôn thuở non sông vẫn thế này, Người xưa cảnh cũ ngậm ngùi thay! Cao Phong Độn Tẩu tìm đâu thấy? Xơ xác hoa vàng rãi gió tây.",https://www.thivien.net/D%C6%B0%C6%A1ng-B%C3%A1-Tr%E1%BA%A1c/L%C3%AAn-n%C3%BAi-D%E1%BB%A5c-Thu%C3%BD/poem-g5wn96JtoyguAjfe0taBiQ
"Trải mấy đời nay cuộc hải tang, Non xanh vẫn thấy khóm hoa vàng. Núi này ướm hỏi ai là chủ, Bia đá còn ghi dấu cụ Trương.",https://www.thivien.net/%C4%90%E1%BA%B7ng-V%C5%A9-Tr%E1%BB%A3/L%C3%AAn-n%C3%BAi-D%E1%BB%A5c-Thu%C3%BD-b%C3%A0i-1/poem-uTpN7Rn-9zwn1wZBgpzgig
"Phẩm đề tinh những cánh làng thơ, Vách đá rêu xanh chữ chửa mờ. Cảnh khéo ưa người, người mến cảnh, Ai hay nối gót cụ Trương xưa.",https://www.thivien.net/%C4%90%E1%BA%B7ng-V%C5%A9-Tr%E1%BB%A3/L%C3%AAn-n%C3%BAi-D%E1%BB%A5c-Thu%C3%BD-b%C3%A0i-2/poem-3NzkvCGu3QnFTfHGJK_dpA
"Núi cao sao khéo dựng lâu đài, Một bức thiên nhiên cảnh tuyệt vời. Khóm cúc còn xanh hoa vẫn nở, Nước non chờ đợi mặt làng chơi.",https://www.thivien.net/%C4%90%E1%BA%B7ng-V%C5%A9-Tr%E1%BB%A3/L%C3%AAn-n%C3%BAi-D%E1%BB%A5c-Thu%C3%BD-b%C3%A0i-3/poem-4CzHJC6B181w6vMyXgF4gQ
"Thợ trời khéo vẽ cảnh chơi chung, Thăm thẳm hang sâu có lối thông. Non nước xưa nay nhàn cũng khó, Vào tay danh sĩ với anh hùng.",https://www.thivien.net/%C4%90%E1%BA%B7ng-V%C5%A9-Tr%E1%BB%A3/L%C3%AAn-n%C3%BAi-Voi-b%C3%A0i-2/poem-yFkAjAPIIFBsLcTxrda3ng
"Nhà Mạc đem quân đóng núi này, Kho tiền kho thóc chất hang mây. Gian hùng cát cứ còn đâu tá, Chỉ thấy đầu non đám cỏ may.",https://www.thivien.net/%C4%90%E1%BA%B7ng-V%C5%A9-Tr%E1%BB%A3/L%C3%AAn-n%C3%BAi-Voi-b%C3%A0i-3/poem-IVaMSQSKhjTIiuMMficTtw
"Dưới bóng giăng tròn, tán lá xanh Nhớ chăng? chăng nhớ? hỡi chăng mình? Trăm năm ghi nguyện cùng non nước Nước biếc non xanh một chữ tình",https://www.thivien.net/T%E1%BA%A3n-%C4%90%C3%A0/L%C6%B0u-t%C3%ACnh/poem-PuGL3ctf69qc0I6eFeOqbg
"Gặp ván bài đen đã chẳng ù, Nào ngờ lại gặp chú phi lu! Bỡn thì xin trả ngay cho tớ, Chẳng trả thì xơi cái tử cù.",https://www.thivien.net/Tr%E1%BA%A7n-T%E1%BA%BF-X%C6%B0%C6%A1ng/M%E1%BA%A5t-hai-h%C3%A0o/poem-FmgMsDwER5ePMqkQVZDG9g
"Hỡi đứa ôm cây, tớ bảo thầm: Ruột vàng nhưng lưỡi nó thì thâm! Tìm hươu chẳng thấy, cha thằng hoáng, Xấu hổ khôn che, mẹ cái lầm!",https://www.thivien.net/Tr%E1%BA%A7n-T%E1%BA%BF-X%C6%B0%C6%A1ng/M%E1%BA%B9-c%C3%A1i-l%E1%BA%A7m-ph%C3%BA-%C4%91%E1%BA%AFc/poem-BdVSp0M_Z2ZdZWK8w9HV-g
"Làm thuốc như ông cũng có tài Thực là chăm chỉ lại lanh trai. Phen này mồ mả nhà ta phát: Thi cử, hai con đỗ cả hai!",https://www.thivien.net/Tr%E1%BA%A7n-T%E1%BA%BF-X%C6%B0%C6%A1ng/M%E1%BB%ABng-%C3%B4ng-lang/poem-SsTRyU7GM8yFmK_0NiYEtw
Ngày ba tháng tám thấy đâu mà? Sao đến ngày xuân lắm thế a? Ý hẳn thịt xôi lèn chặt dạ Cho nên “con tự” mới thòi ra?,https://www.thivien.net/Tr%E1%BA%A7n-T%E1%BA%BF-X%C6%B0%C6%A1ng/Ng%C3%A0y-xu%C3%A2n-c%E1%BB%A7a-l%C3%A0ng-th%C6%A1/poem-DbUbBflKeR4bJOnaL_c0xw
Chiều mát ngồi xem đứa thả câu Nghe như lũ cá nó bàn nhau: Tham ăn nếu đã vào trong ngạnh Thời mất tung tăng chốn nước sâu,https://www.thivien.net/T%E1%BA%A3n-%C4%90%C3%A0/Nghe-c%C3%A1/poem-OmFKfY_FIJ7D1QSyKij-BQ
"Có phải rằng ông chẳng học đâu? Một năm ông học một vài câu. Ví dù vua mở khoa thi trống, “Lạc nhạn”, “xuyên tâm” đủ ngón chầu.",https://www.thivien.net/Tr%E1%BA%A7n-T%E1%BA%BF-X%C6%B0%C6%A1ng/Ng%C3%B3n-ch%E1%BA%A7u/poem-GSZi3r4ILGTsIHjBHNBf0A
"Một chiếc tròng con đủng đỉnh chơi, Ông còn mang nước xối vào tôi! Thánh hiền ba chén con chi thú? Mây mạng tư bề ngán quá đời!",https://www.thivien.net/Phan-B%E1%BB%99i-Ch%C3%A2u/Ng%E1%BB%93i-thuy%E1%BB%81n-%C4%91%E1%BB%A5ng-tr%E1%BB%9Di-m%C6%B0a-tr%C3%A1ch-tr%E1%BB%9Di/poem-a1WboxAKn61aA6EKr4EIrQ
Năm ngoái năm xưa đục mấy vần Năm nay quan lại đục hai chân Khen cho đá cũng bền gan thật Đứng mãi cho quan đục mấy lần!,https://www.thivien.net/T%E1%BA%A3n-%C4%90%C3%A0/Nh%E1%BA%AFn-T%E1%BB%AB-%C4%90%E1%BA%A1m/poem-_gIC3qy-hviYypS_srA5hg
"Nước mây muôn dặm mắt trông mòn, Lui tới đôi nơi một mộng hồn. Bác cũng nhớ tôi, tôi nhớ bác, Đêm nay trăng sáng vị ai tròn?",https://www.thivien.net/D%C6%B0%C6%A1ng-B%C3%A1-Tr%E1%BA%A1c/Nh%E1%BB%9B-b%E1%BA%A1n/poem-4-jZNfTddPht7k6s7D3sKQ
"Mảnh trăng đêm dọi bóng quanh thềm, Bóng dọi quanh thềm giấc khó êm. Giấc khó êm vì thương nhớ bạn, Vì thương nhớ bạn, mảnh trăng đêm.",https://www.thivien.net/%C4%90%E1%BA%A1m-Ph%C6%B0%C6%A1ng/Nh%E1%BB%9B-b%E1%BA%A1n/poem-IQVoY4DW20VAd83Y634uJA
"Phất phới mành tương gió quạt lầu Thềm hoa xem đã bóng trăng thâu. Bâng khuâng chạnh nhớ niềm lân loát, Vắng mặt Lư sơn, những bấy lâu.",https://www.thivien.net/%C4%90%E1%BA%A1m-Ph%C6%B0%C6%A1ng/Nh%E1%BB%9B-c%E1%BA%A3nh-n%C3%BAi-b%C3%A0i-1/poem-s2g1g0c1niZq_n0SPb5DnA
"Hỡi cụ Tiên Điền có biết cho. Hôm nay có kẻ khóc trên mồ. Khóc đây nào phải rằng thương cụ, Thương bạc quan thầy lắm món to. * Ơi hỡi nàng Kiều hỡi có hay! Vì nàng tớ phải chịu tai bay. Nàng còn bán được ba trăm lạng, Tớ bán cho ai khố rách này!",https://www.thivien.net/Tr%E1%BA%A7n-T%E1%BA%BF-X%C6%B0%C6%A1ng/O%C3%A1n-Ki%E1%BB%81u/poem-na-5iB1T5lQNFvXSNTxOIQ
"Hàn lâm tu soạn kém gì ai? Đủ cả vung, nồi, cả cóng chai . Ví thử quyển thi ông được chấm, Đù cha đù mẹ đứa riêng ai!",https://www.thivien.net/Tr%E1%BA%A7n-T%E1%BA%BF-X%C6%B0%C6%A1ng/%C3%94ng-H%C3%A0n/poem-Eeo4cvNjsEAcaCN1pv7UAQ
"Ông đứng làm chi đó hỡi ông? Trơ trơ như đá, vững như đồng. Đêm ngày gìn giữ cho ai đó, Non nước đầy vơi có biết không ?",https://www.thivien.net/Nguy%E1%BB%85n-Khuy%E1%BA%BFn/%C3%94ng-ph%E1%BB%97ng-%C4%91%C3%A1-b%C3%A0i-1/poem-wKJv1CZbWt0UhuCagXrD5w
Tiến sĩ khoa này đỗ mấy người? Xem chừng hay chữ có ông thôi! Nghe văn mà gớm cho văn nhỉ Cờ biển vua ban cũng lạ đời!,https://www.thivien.net/Tr%E1%BA%A7n-T%E1%BA%BF-X%C6%B0%C6%A1ng/%C3%94ng-ti%E1%BA%BFn-s%C4%A9-m%E1%BB%9Bi/poem-1_NWurOu4ZLVJr7MENUZMA
"Ở phố Hàng Song thật lắm quan Thành thì đen kịt, Đốc thì lang Chồng chung vợ chạ kìa cô Bố Đậu lạy quan xin nọ chú Hàn",https://www.thivien.net/Tr%E1%BA%A7n-T%E1%BA%BF-X%C6%B0%C6%A1ng/Ph%E1%BB%91-H%C3%A0ng-Song/poem-Q-z2Y0x2ZSv3u8XUD6QP6Q
"Nào có ra chi một lũ tuồng , Cũng hò cũng hét cũng y uông. Dẫu rằng dối được đàn con trẻ, Cái mặt bôi vôi nghĩ cũng buồn!",https://www.thivien.net/Tr%E1%BA%A7n-T%E1%BA%BF-X%C6%B0%C6%A1ng/Ph%C6%B0%E1%BB%9Dng-h%C3%A1t-tu%E1%BB%93ng/poem-i1kzARIBOU7YlwpIVn6LQw
"Thầy tổng, quan bang ứng cử Khoá cử nghị viên đã đến nơi, Phường tân phường cựu nhộn đua bơi, Tổng làng danh giá thua dân biểu, Mình quyết ra tranh một ghế chơi. Bán mẹ ngay đi mấy mẩu vườn, Dăm sào ruộng họ cũng cầm luôn. Vứt tiền mua quách vài trăm phiếu, Đắc cử rồi ta diễn đủ tuồng. Nầy nầy mẹ đĩ chớ phàn nàn, Dân biểu ngày nay chả khác “quan”. Rồi đây mình được lên bà nghị, Tàng tổng trông vào lắm vẻ vang. Bác thầu ứng cử Lãnh biện lâu nay vẫn có xu, Chỉ hiềm mang tiếng một anh “thầu”. Chi bằng vận động làm “quan nghị”, Vào tỉnh ra toà có lắm câu. Thường trực ban kia bổng khá nhiều, Hội đồng chính phủ cấp càng dào, Dẫu không vẫn giữ chân “quan nghị”, Tiền cấp tiền xe cũng chán tiêu. Mùi nếm đã quen khó vứt ra, “ Méc-xì ”, “ biếng ” “ uỷ ” khó gì mà. “ Đít-cua ”, “ la-phết ” rành tay thạo, Há nhượng cho ai cái ghết ta! Tháng chạp mười lăm đóng sổ rồi, Thiếu niên mấy chú hết chơi vơi! Nghị trường ghế đã mòn đâu đó, Mang tiếng “bình hoa” moả cứ ngồi. Văn sĩ ứng cử Sức học thua ai vẫn có bằng, Kiếm không ra việc chạy lăng nhăng. Bán văn mấy lúc nghề ra ế, Dân biểu tranh xem có khá chăng! “Bình dân”, “lao động” sẵn phong trào, Một món văn Tây dễ bán rao. Thừa dịp nghị trường tranh một ghế, Thiếu niên thanh giá lại càng cao! Lớp cựu ngày nay đã hết thời. Cột rường xã hội phải trò chơi. Cử tri còn đợi gì gì nữa? Nào có ai hơn phái học Tây! Người bỏ thăm Sư nói sư hay, vãi vãi hay, Biết đâu chọn lựa khó lòng thay! Chi bằng ta cứ người chân thật, Không ích cho ai, chả hại ai.",https://www.thivien.net/Hu%E1%BB%B3nh-Th%C3%BAc-Kh%C3%A1ng/Quanh-kho%C3%A1-b%E1%BA%A7u-c%E1%BB%AD-d%C3%A2n-bi%E1%BB%83u/poem-UPTrXiwS68U1GbPdh86fUw
"Quảng đại từ bi cũng phải tù, Hay là sư cũng vụng đường tu? Tụng kinh cứu khổ ba trăm quyển Ý hẳn còn quên một phép phù?",https://www.thivien.net/Tr%E1%BA%A7n-T%E1%BA%BF-X%C6%B0%C6%A1ng/S%C6%B0-%E1%BB%9F-t%C3%B9/poem-7B7OMvO_Bz0rmWcTnngxgQ
"Duyên nợ mặn mà non nước cũ, Tình cờ gặp gỡ tháng ngày xuân... Còn trời, còn đất, còn đây đấy, Ai nấy chia nhau gánh một phần.",https://www.thivien.net/Phan-B%E1%BB%99i-Ch%C3%A2u/T%E1%BA%B7ng-thanh-ni%C3%AAn/poem-pIqtku4BupdKo0ldQ3dCfQ
"Năm xưa tết nhất đã suông suồng! Tết nhất năm nay lại quá tuồng! Tiếng pháo nghe nhờ thiên hạ đốt Cờ vàng dấu đỏ, đế vương suông",https://www.thivien.net/T%E1%BA%A3n-%C4%90%C3%A0/T%E1%BA%BFt-t%E1%BB%B1-thu%E1%BA%ADt/poem-ZLpgO8yEcxByY08XKfYmfA
Trăng sáng soi riêng một mặt người Chia ly đôi bạn cách phương trời Ước mơ của đất anh về đất Im lặng mà không cứu nổi đời.,https://www.thivien.net/Xu%C3%A2n-S%C3%A1ch/11/poem-yxA0uAko4Qq0Oj4Wcy3F1g
Một nắm xương khô cũng gọi mỡ Quanh năm múa bút để mua vui Tưởng cụ vẫn bơi dòng nước ngược Nào ngờ trở gió lại trôi xuôi.,https://www.thivien.net/Xu%C3%A2n-S%C3%A1ch/13/poem-IDENIYqPjM1hCd0wQJIuog
Hỏng đôi mắt phải đâu là mất hết Trong cặp còn hồ sơ điệp viên Ông cố vấn chẳng sợ gì cái chết Cao điểm cuối cùng quyết chí xông lên.,https://www.thivien.net/Xu%C3%A2n-S%C3%A1ch/17/poem-tQZaVBVvAOLds06MwoEKmw
Xung kích tràn lên nước vỡ bờ Đã vào lửa đỏ hãy còn mơ Bay chi mặt trận trên cao ấy Quên chú nai đen vẫn đứng chờ.,https://www.thivien.net/Xu%C3%A2n-S%C3%A1ch/2/poem-muWIrrSqZz5qC3SwpsPLWw
Ta về thăm lại Huế ta mơ Cảnh cũ đổi thay đến chẳng ngờ Thêm hai mươi tuổi em càng đẹp Lãng tử như ta cũng thẫn thờ.,https://www.thivien.net/Nguy%E1%BB%85n-Ng%E1%BB%8Dc-%C4%90%C3%A0m/20-n%C4%83m-tr%E1%BB%9F-l%E1%BA%A1i-Hu%E1%BA%BF/poem-z8tcPo--gCXQLzohhBbtvg
Thao thức năm canh nghĩ chẳng ra Trò chơi nguy hiểm đấy thôi mà Lửng lơ giữa khoảng trong xanh ấy Để mối đùn lên cái gốc già.,https://www.thivien.net/Xu%C3%A2n-S%C3%A1ch/21/poem-n051OMmJgfZVTTXzbVNx5g
Trời thí cho ông vụ lúa chiêm Ông xây sân gạch với xây thềm Con đường mòn ấy ông đi mãi Lưu lạc lâu ngày mất cả tên.,https://www.thivien.net/Xu%C3%A2n-S%C3%A1ch/22/poem-oLjEf1a8_aHB3YNQIn-y7w
Tưởng chuyện như đùa hoá ra thật Biết ông sằng phẳng tự bao giờ Cái con thò lò quay sáu mặt Vồ hụt mấy lần ông vẫn trơ.,https://www.thivien.net/Xu%C3%A2n-S%C3%A1ch/28/poem-rTnBpdDItIIZnj1JQ9TFhA
Đường chúng ta đi trong gió lửa Còn mơ chi tới những cánh buồm Từ thuở tóc xanh đi vỡ đất Đến bạc đầu sỏi đá chửa thành cơm.,https://www.thivien.net/Xu%C3%A2n-S%C3%A1ch/30/poem-uCGXRBZTpUcdoSzpMIkqwQ
Tấm áo hào hoa bạc gió mưa Anh thành đồng chí tự bao giờ Trăng còn một mảnh treo đầu súng Cái ghế quan trường giết chết thơ.,https://www.thivien.net/Xu%C3%A2n-S%C3%A1ch/31/poem-yvUnr__as3g9B6UDMkRF7w
Tài ba thằng mõ cỡ chuyên viên Chia xôi chia thịt lại chia tiền Việc làng việc nước là như vậy Lộn xộn cho nên phải tắt đèn .,https://www.thivien.net/Xu%C3%A2n-S%C3%A1ch/34/poem-rXGGN5cJc1y9pz5HbIGubw
Bỉ vỏ một thời oanh liệt nhỉ Sóng gầm sông Lấp mấy ai hay Cơn bão đến động rừng Yên Thế Con hổ già uống rượu giả vờ say.,https://www.thivien.net/Xu%C3%A2n-S%C3%A1ch/4/poem-gFhTXL1ZlJq5-njmmeLXtw
Ấy bức tranh quê đẹp một thời Má hồng đến quá nửa pha phôi Bên sông vải chín mùa tu hú Khắc khoải kêu chi suốt một đời.,https://www.thivien.net/Xu%C3%A2n-S%C3%A1ch/40/poem-NwwzUb2mRC8M8fzmGiqsqg
Đi bước nữa rồi đi bước nữa Phấn son mưa nắng đã tàn phai Cái kiếp đào chèo là vậy đó Đêm tàn bạn cũ chẳng còn ai.,https://www.thivien.net/Xu%C3%A2n-S%C3%A1ch/44/poem-pE0PpK48lFK69ajYziZ_Zg
Đã đi qua một thời giông tố Qua một thời cơm thầy cơm cô Còn để lại những thằng Xuân tóc đỏ Vẫn nghênh ngang cho đến tận bây giờ.,https://www.thivien.net/Xu%C3%A2n-S%C3%A1ch/45/poem-D9HyEKsLCg6wnwwbpc6jHw
Ông năm Hạng trở về đất lửa Với chiếc lược ngà vượt Trường Sơn Bỗng mùa gió chướng vừa nổi dậy Ông biến thành thằng nộm hình rơm.,https://www.thivien.net/Xu%C3%A2n-S%C3%A1ch/48/poem-M9YCgavWlKbFOlA203S0iw
Có những lớp người đi vỡ đất Mùa mưa không trồng lúa trồng ngô Lại gieo hạt bông hường bông cúc Trên mảnh đất này hoa héo khô.,https://www.thivien.net/Xu%C3%A2n-S%C3%A1ch/49/poem-ToDd70KkrtM1k_4egMG6PQ
Bác Kép Tư Bền rõ đến vui Bởi còn tranh sáng bác nhầm thôi Bới tung đống rác nên trời phạt Trời phạt chưa xong bác đã cười .,https://www.thivien.net/Xu%C3%A2n-S%C3%A1ch/5/poem-QGuF1GA9HK_rAwJFW7zp5g
Chim chơ rao cất cánh ngang trời Tình như chớp trắng nháy liên hồi Đám mây cánh vạc tan thành nước Mà đất ba dan vẫn khát hoài.,https://www.thivien.net/Xu%C3%A2n-S%C3%A1ch/55/poem-D72HuXK-sqDOBHCIU66wJQ
Với tiếng sáo thiên thai dìu dặt Mở ra dòng thơ mới cho đời Bỏ rừng già về vườn bách thú Con hổ buồn lặng lẽ trút tàn hơi.,https://www.thivien.net/Xu%C3%A2n-S%C3%A1ch/59/poem-R02hnUZxEH2jI3BI26xAUw
Vang bóng một thời đâu dễ quên Sông Đà cũng muốn đẩy thuyền lên Chén rượu tình rừng cay đắng lắm Tờ hoa lại trút lệ ưu phiền.,https://www.thivien.net/Xu%C3%A2n-S%C3%A1ch/6/poem-0_6dz9h6BZx--GsMZ6I97Q
Một chút hương thơm trải bốn mùa Mười năm lăn lóc chốn rừng già Quay về khứng chịu cơn mưa móc Đất trắng mưa rồi đất lại khô.,https://www.thivien.net/Xu%C3%A2n-S%C3%A1ch/64/poem-5A5jHz5v-nVt0P0QxebViw
Xưa thơ anh viết không người hiểu “Đáy đĩa mùa đi nhịp hải hà” Nay anh chưa viết người đã hiểu Sắp sáng thì nghe có tiếng gà.,https://www.thivien.net/Xu%C3%A2n-S%C3%A1ch/65/poem-4Ry9YgXBshnlzg96rhTA7A
"Người đi, ừ nhỉ người đi thật Đi thật nhưng người lại trở về Nhẹ như hạt bụi, như hơi rượu Mà đắm hồn người trong tái tê.",https://www.thivien.net/Xu%C3%A2n-S%C3%A1ch/66/poem-U-BFheE9mqavT7z3qMTo2Q
Không có vua thì làm sao có tướng Nên về hưu vẫn phải chết ở chiến trường Kiếm sắc chém bao nhiêu đầu giặc Để vàng tôi trong lửa chịu đau thương.,https://www.thivien.net/Xu%C3%A2n-S%C3%A1ch/67/poem-kjBCp7maGMl--EWR41O-9g
Anh đứng thành tro em có biết Hôm qua lại gặp chuyến xe bò Vẫn anh đi với vầng trăng cũ Áo đỏ bên cầu đợi ngẩn ngơ.,https://www.thivien.net/Xu%C3%A2n-S%C3%A1ch/78/poem-KCAku_qscOdguyRQ6P2N8Q
"Hai đợt sóng dâng một khối hồng Không làm trôi được chút phấn thông Chao ôi ngói mới nhà không mới Riêng còn không có, có gì chung",https://www.thivien.net/Xu%C3%A2n-S%C3%A1ch/8/poem-N2NZEfcbBuTS0AVJlwA8CQ
Kòn trô dấn bước đường chinh chiến Nửa gánh giang hồ nửa ái ân Ngàn sau sông Dịch còn tê lạnh Tráng sĩ có về với bến xuân.,https://www.thivien.net/Xu%C3%A2n-S%C3%A1ch/80/poem-XXZ08uiuZDvY2Qxu8gz33w
Thiên thai từ giã về dương thế Nhắc chi ngày ấy buồn lòng ta Sân đình ngất ngưởng ngôi tiên chỉ Uống rượu say rồi hát quốc ca.,https://www.thivien.net/Xu%C3%A2n-S%C3%A1ch/85/poem-g3XlFTlrCYOXG6z-KnNJiA
Sắp cưới bỗng có thằng phá đám Nên ông chửi bố chúng mày lên Đầu chày đít thớt đâu còn ngán Không viết văn thì ông viết phim,https://www.thivien.net/Xu%C3%A2n-S%C3%A1ch/87/poem-JmstHLFOUWEhejEnX2mr2Q
Biết mấy mươi chiều khói thuốc bay Quê nhà vạn dặm khuất trùng mây Lui về kí ức chân trời cũ Uống chén rượu buồn không dám say.,https://www.thivien.net/Xu%C3%A2n-S%C3%A1ch/88/poem-Vqrju_i68Q7eLDQO70Q2bQ
Quá tuổi hoa niên đã bạc đầu Tình còn dang dở tận Hàng Châu Khúc ca mới hát sao buồn thế Hai nửa yêu thương một nửa sầu,https://www.thivien.net/Xu%C3%A2n-S%C3%A1ch/9/poem-fGhU8zXJMkv-_8ugjbD8Cw
Ba lô trên vai từ đêm mười chín Một tiếng chim kêu sáng cả rừng Thì cứ khắc đi rồi khắc đến Sao còn ngồi đó cụ già Khương?,https://www.thivien.net/Xu%C3%A2n-S%C3%A1ch/93/poem--sXSlnkLGiEz1jMN8RPstA
Chú dế góc sân hồn nhiên ca hát Hát thành thơ như nước triều lên Khi khôn lớn lại hồn nhiên đi giữa Biển một bên và em một bên.,https://www.thivien.net/Xu%C3%A2n-S%C3%A1ch/98/poem-vaMFqirIyfVT_yJXL5tx7Q
Người đàn bà mà tôi ao ước Trên vành đai chống Mĩ những năm xưa Tình yêu đã lụi tàn cùng kí ức Nhưng còn đây tội lỗi đến bao giờ,https://www.thivien.net/Xu%C3%A2n-S%C3%A1ch/99/poem-dAFXq_V3cDtZUXDhQmoD-A
Sớm trưa vượt thác với băng đèo Muôn dặm hình đâu bóng đó theo Hình bóng tách rời ư? Cũng lúc Đêm rừng mở sẵn miệng hùm beo!,https://www.thivien.net/V%C5%A9-Ho%C3%A0ng-Ch%C6%B0%C6%A1ng/%C3%81c-m%E1%BB%99ng-%C4%91%C6%B0%E1%BB%9Dng-xa/poem-XPXQJrwlEPRQsBiB_PnfWA
Biết mấy mươi chiều khói thuốc bay Quê nhà vạn dặm khuất trùng mây Lui về kí ức chân trời cũ Uống chén rượu buồn không dám say.,https://www.thivien.net/Xu%C3%A2n-S%C3%A1ch/88/poem-Vqrju_i68Q7eLDQO70Q2bQ
Quá tuổi hoa niên đã bạc đầu Tình còn dang dở tận Hàng Châu Khúc ca mới hát sao buồn thế Hai nửa yêu thương một nửa sầu,https://www.thivien.net/Xu%C3%A2n-S%C3%A1ch/9/poem-fGhU8zXJMkv-_8ugjbD8Cw
Ba lô trên vai từ đêm mười chín Một tiếng chim kêu sáng cả rừng Thì cứ khắc đi rồi khắc đến Sao còn ngồi đó cụ già Khương?,https://www.thivien.net/Xu%C3%A2n-S%C3%A1ch/93/poem--sXSlnkLGiEz1jMN8RPstA
Chú dế góc sân hồn nhiên ca hát Hát thành thơ như nước triều lên Khi khôn lớn lại hồn nhiên đi giữa Biển một bên và em một bên.,https://www.thivien.net/Xu%C3%A2n-S%C3%A1ch/98/poem-vaMFqirIyfVT_yJXL5tx7Q
Người đàn bà mà tôi ao ước Trên vành đai chống Mĩ những năm xưa Tình yêu đã lụi tàn cùng kí ức Nhưng còn đây tội lỗi đến bao giờ,https://www.thivien.net/Xu%C3%A2n-S%C3%A1ch/99/poem-dAFXq_V3cDtZUXDhQmoD-A
Sớm trưa vượt thác với băng đèo Muôn dặm hình đâu bóng đó theo Hình bóng tách rời ư? Cũng lúc Đêm rừng mở sẵn miệng hùm beo!,https://www.thivien.net/V%C5%A9-Ho%C3%A0ng-Ch%C6%B0%C6%A1ng/%C3%81c-m%E1%BB%99ng-%C4%91%C6%B0%E1%BB%9Dng-xa/poem-XPXQJrwlEPRQsBiB_PnfWA
"Ôi kiếp người trong giấc ngủ ngày Bùn ngâm sặc óc máu loang tay! Đêm đêm vẽ lại vòng hương phấn, Chưa ngớt màu run cánh bướm say.",https://www.thivien.net/V%C5%A9-Ho%C3%A0ng-Ch%C6%B0%C6%A1ng/%C3%81c-m%E1%BB%99ng-n%C3%A0o-h%C6%A1n/poem-RDTczg1AaQMBzDcM1Npf2g
Lỗi lạc trần gian ngự tây phương Thiên niên duyên định toả ngát hương Hiền nhân một thuở nuôi nhân loại Thế nhân muôn nẻo mãi hùng cường.,https://www.thivien.net/Ph%E1%BA%A1m-Tr%C6%B0%E1%BB%9Dng-Giang/Albert-Eistein/poem-1Da5AF6ug7_-pb8wncQfVw
Mùa thu điểm lá chín vàng phai Tóc lại từng hôm sợi trắng bay Muốn ngắm trần gian dài mấy chốc Buồn sao sức kiệt đã an bài.,https://www.thivien.net/H%C3%A0n-Qu%E1%BB%91c-V%C5%A9/An-b%C3%A0i/poem-6BdLp8yHupKRpmkd2pNsow
Anh buộc đời em bến buộc thuyền Nước trôi thuyền trở bến nằm yên Một mai anh thả thuyền lơi bến Mây nước lòng em lạnh ước nguyền,https://www.thivien.net/Qu%C3%A1ch-T%E1%BA%A5n/Anh-bu%E1%BB%99c-%C4%91%E1%BB%9Di-em/poem-dj1g9PC3u5dMignfraneqQ
Bài thơ bật lửa tình xuân mộng Mấy vần luyến ái tựa chim bay Cặp đôi và dạo cung tiên cảnh Hú mỏ yêu đương ảo ảnh dài.,https://www.thivien.net/H%C3%A0n-Qu%E1%BB%91c-V%C5%A9/%E1%BA%A2o-%E1%BA%A3nh/poem-YcPMw-4OFSBj-t0F9J8v1Q
"Thành xây trên cát, lẽ nào ư! Hãn mã hoài công Thành Cát Tư... Sa mạc chỉ còn đây: ảo ảnh Ngai vàng lật ngược giữa không hư!",https://www.thivien.net/V%C5%A9-Ho%C3%A0ng-Ch%C6%B0%C6%A1ng/%E1%BA%A2o-%E1%BA%A3nh-sa-m%E1%BA%A1c/poem-lrkD5MfuZYjVXk-Nt2OsDg
"Vượt biển, chơi hồ, trở quá giang Bỗng dưng lại thấy nhớ ao làng Cái đêm hè ấy ai ra tắm Để cả bầu trời phải tắt trăng.",https://www.thivien.net/Nguy%E1%BB%85n-Kh%C3%B4i/Ao-l%C3%A0ng/poem-1VrVm_DTrXliBBQ4lZSsCQ
Rào rạt vườn xuân vạn bướm bay Li ti hàng phấn rải hương vây Có ai giấu được em trong ấy Đã lộ cho anh một nét ngài,https://www.thivien.net/Y%E1%BA%BFn-Lan/%E1%BA%A8n-n%E1%BA%A5p/poem-i9mUoCYEVR6mkirwqrXOkg
Từng giờ chỉ dệt với khăn thêu Lặng tiếng chờ anh nghẹn bóng chiều Dáng vóc người trai soi lấp lánh Bỗng về ấp ủ gói tình yêu.,https://www.thivien.net/H%C3%A0n-Qu%E1%BB%91c-V%C5%A9/%E1%BA%A4p-%E1%BB%A7/poem-iFLGiIRM8-FLxNsZZdiILg
"nghe được từ lâu cá thở than, hôm nay mới sõi tiếng cây ngàn. bao giờ tôi hiểu sâu lòng đất là thấy đường lên cõi niết bàn",https://www.thivien.net/V%C5%A9-Ho%C3%A0ng-Ch%C6%B0%C6%A1ng/Ba-ch%E1%BA%B7ng-%C4%91%C6%B0%E1%BB%9Dng-tu/poem-PIpII0x1HCk9CW_mpdoYBA
Ba ngả sông mờ trăng nửa gương Đôi bờ trúc lả gió muôn phương Rau dòng suối ngọt bên kia núi Khẽ động lòng thu... Cỏ lấp đường!,https://www.thivien.net/Qu%C3%A1ch-T%E1%BA%A5n/Ba-ng%E1%BA%A3-s%C3%B4ng-m%E1%BB%9D/poem-6of-lqcsLhPEmegNX5oXDw
Con xin bái phục trái thời gian Rụng nốt bao năm khẽ mọc mầm Nàng thơ dậy sóng trong đau khổ Một gốc trăng tình nay xa xăm!,https://www.thivien.net/H%C3%A0n-Qu%E1%BB%91c-V%C5%A9/B%C3%A1i-ph%E1%BB%A5c-tr%C3%A1i-th%E1%BB%9Di-gian/poem-Nfx2pdj9x6P0jZmIJqlx4w
Mầm sinh tất nảy trong mầm diệt Mầm gì sẽ nảy sau câu ca? Bạn hãy cạn ly rồi cạn sáng Kẻo nữa xuân hè cạn đến ta!,https://www.thivien.net/Nguy%E1%BB%85n-V%C5%A9-Ti%E1%BB%81m/B%C3%A0i-s%E1%BB%91-280/poem-Qbq7pUrlbWE7TXOE0hheow
"Khai bút làm thơ tặng mỹ nhân Lại e thơ thiếu vẻ thanh tân Thôi ta cầu chúc em không tuổi, Như đoá mai vàng mãi mãi xuân.",https://www.thivien.net/Tr%E1%BA%A7n-%C4%90%E1%BB%A9c-Ph%E1%BB%95/B%C3%A0i-th%C6%A1-khai-b%C3%BAt-n%C4%83m-2022/poem-1Je9MMmy2NfAP7RL7qtZCg
Trong tiệc hỏi thơ đâu dễ kiếm Dừng ly mới thấy ý trong tim Bạn tôi ít nhiều từng quen biết Chớ ngại thân sơ cạn chén tình.,https://www.thivien.net/Tr%E1%BA%A7n-%C4%90%C3%B4ng-Phong/B%C3%A0i-th%C6%A1-tr%C3%AAn-b%C3%A0n-ti%E1%BB%87c/poem--WwoOy7SjmAvDjJiToUQkg
Bàn tay bão tố kéo hồn bay Đến chốn hư vô nát tháng ngày Lại đổ dầu thêm vào núi lửa Cho lòng trăng mộng cháy lắt lay.,https://www.thivien.net/H%C3%A0n-Qu%E1%BB%91c-V%C5%A9/B%C3%A0n-tay-b%C3%A3o-t%E1%BB%91/poem-Yk2iSmEL5T5u_bt37xIojg
Mới thấy bình minh treo cửa sổ Căn nhà sóng nhạc trỗi bay bay Và đêm lại nối bàn tay dịu Vuốt đám sương khuya thả gót giày.,https://www.thivien.net/H%C3%A0n-Qu%E1%BB%91c-V%C5%A9/B%C3%A0n-tay-d%E1%BB%8Bu/poem-6QTtP-Qs-HTnkd-Kx9OeHQ
"Thày chăm dạy Toán, dạy Văn chương; Mỗi buổi trò ngoan ngoãn tới trường. Đâu biết chợ hoa quanh lớp học, Lời chim phấn bướm dạy yêu đương!",https://www.thivien.net/V%C5%A9-Ho%C3%A0ng-Ch%C6%B0%C6%A1ng/B%E1%BA%A3ng-%C4%91en-th%E1%BB%9Di-%C4%91%E1%BA%A1i/poem-096qt6Gaw64In-N8Wn5--A
"Nhà trôi theo nước cuốn mênh mang; Người giạt trôi theo, nghẹt Suối Vàng. Áp giải tù nhân, kìa ngọn sóng Vung roi dằn mặt, giáo đâm ngang.",https://www.thivien.net/V%C5%A9-Ho%C3%A0ng-Ch%C6%B0%C6%A1ng/B%C3%A3o-gi%E1%BA%A3i-t%C3%B9-%C4%91i/poem-oXT1ekshQP_hnvouEQyafQ
"Đã quen giọng nói thuở cầu thân, Quen khúc mê hồn, điệu giật gân. Quen cả vòng tay, quen nhịp bước. Hơi bom tiếng súng cũng quen dần…",https://www.thivien.net/V%C5%A9-Ho%C3%A0ng-Ch%C6%B0%C6%A1ng/Bao-n%C4%83m-h%C6%A1i-ti%E1%BA%BFng/poem-ek_xwcZ89zvNw_sktx9_qg
Khéo léo bày trò để nuốt trôi Vụng về đóng kịch muốn hơn người Gian ngoa thủ đoạn hòng vơ vét Chung cuộc khó mong thoát lưới trời,https://www.thivien.net/Nguy%E1%BB%85n-Thanh-Ho%C3%A0ng/B%C3%A0y-tr%C3%B2/poem-tX4IdP4EyPLa_A7hTKkLNg
Đêm nay lá gió cứ tỏ tình Vắng mặt cành hoa cây chẳng xanh Chỉ lúc có em trăng mới đẹp Đôi mình bắt cặp hoá thành tranh.,https://www.thivien.net/H%C3%A0n-Qu%E1%BB%91c-V%C5%A9/B%E1%BA%AFt-c%E1%BA%B7p/poem-4CSB5fMdyx_UKH_l9Yk9ww
"Thôi rồi thảm cháy hết tình nhân Bạc hết, vàng khô, nụ ước tàn Khóc ở trời cao đầy gió độc Bầu đời uốn mép xé tiêu tan.",https://www.thivien.net/H%C3%A0n-Qu%E1%BB%91c-V%C5%A9/B%E1%BA%A7u-%C4%91%E1%BB%9Di/poem-0nBKlAepsz7mxeGQzA683Q
Tỉ bầu rượu ngọc trộn mênh mông Tình nhạc trăng soi uốn cõi lòng Chợt dáng hương xuân về xa tít Cát buồn lăng lóc hoá mùa đông.,https://www.thivien.net/H%C3%A0n-Qu%E1%BB%91c-V%C5%A9/B%E1%BA%A7u-r%C6%B0%E1%BB%A3u-ng%E1%BB%8Dc/poem-kLSs8m4muHK7ewr4mLG6wg
Bấy lâu mơ ngủ mãi chưa thôi Cách mệnh ồn ào khắp mọi nơi Này trống Văn minh khua dậy đất Kìa chuông Độc lập gõ vang giời,https://www.thivien.net/H%E1%BB%93-Ch%C3%AD-Minh/B%E1%BA%A5y-l%C3%A2u-m%C6%A1-ng%E1%BB%A7-m%C3%A3i-ch%C6%B0a-th%C3%B4i/poem-6SyVQPu-Ye7BMDLIQ8Izuw
Một nửa nàng sam say rượu cưới Còn đây một nửa ngả lăn quay Đồng hồ nhắc nhở giờ sum họp Bén rễ vào nhau mộng tháng ngày.,https://www.thivien.net/H%C3%A0n-Qu%E1%BB%91c-V%C5%A9/B%C3%A9n-r%E1%BB%85/poem-LuwlmC0F-qI06fZeHjRq8A
"Thôi! đã qua rồi hẹn phấn hương, Một năm làm khách bền sông Tương. Dịp cầu Nguyện Ước nhờ ai bắc, Bèo nước tương tư. Ôi! nhớ thương!",https://www.thivien.net/M%E1%BB%99ng-Tuy%E1%BA%BFt/B%C3%A8o-n%C6%B0%E1%BB%9Bc-t%C6%B0%C6%A1ng-t%C6%B0/poem-CbTBwxAdOr0ApCHRt77ACA
Năm xưa trăng đọng bến thuỳ dương Nhịp phách mưa sa lạnh má hường Bến cũ thuyền neo ty trúc vắng Lòng sông trăng lặn nước đầy sương,https://www.thivien.net/Qu%C3%A1ch-T%E1%BA%A5n/B%E1%BA%BFn-c%C5%A9/poem-y_VkGyKMEf3m9TdFogEVww
Ngoài mây cánh nhạn quyến dương tà Đất lữ thu về cúc chửa hoa Toan khép lòng quê bên gác mộng Lửa chài lại thoáng bến sương sa,https://www.thivien.net/Qu%C3%A1ch-T%E1%BA%A5n/B%C3%AAn-g%C3%A1c-m%E1%BB%99ng/poem--ljRyPbqGTPiPV9K1IsANA
Phù thế đã nhiều duyên nghiệp quá! Lệ lòng mong cạn chốn am Không Cửa thiền một đóng duyên trần đứt Quên hết người quen chốn bụi hồng.,https://www.thivien.net/J-Leiba/B%E1%BA%BFn-gi%C3%A1c/poem-OktUaBmCXzBLGYk5lSyHbA
Bến lạ thu bay lá rợp đường Khôn tìm giấc mộng ẩn canh sương Tờ thơ gió lật trăng bên gối Giếng ngọt vườn quê khởi nhớ thương,https://www.thivien.net/Qu%C3%A1ch-T%E1%BA%A5n/B%E1%BA%BFn-l%E1%BA%A1-thu-bay/poem-OEp3Yh3XaMcHo2SQq4BA2A
"Gió rủ canh đi ngàn liễu khóc, Sông đưa lạnh tới bóng trăng run... Thuyền ai tiếng hát bên kia vẳng? Ghé lại cho nhau gởi chút buồn.",https://www.thivien.net/Qu%C3%A1ch-T%E1%BA%A5n/B%C3%AAn-s%C3%B4ng/poem-1eG-0ZCFQN6lh3SOMh59xA
"Một chốn đi về mãi vẫn tìm Còn chi vương vấn dấu trong tim Lá, chiều lại nhớ bến xưa vắng Một ánh thu qua có ngoái nhìn.",https://www.thivien.net/Tr%E1%BA%A7n-%C4%90%C3%B4ng-Phong/B%E1%BA%BFn-x%C6%B0a/poem-gYG8-S0-Aj2t_huz74aroA
Nhạc đã khêu rồi hai nốt ngọc Tình dâng sóng biển múa mênh mông Nghìn tia nắng ấy như cổ vũ Nét đẹp đôi ta mãi bềnh bồng.,https://www.thivien.net/H%C3%A0n-Qu%E1%BB%91c-V%C5%A9/B%E1%BB%81nh-b%E1%BB%93ng/poem--sOAaXRpFVe3vK95MGlaXw
"Đêm mơ một bóng mặt tươi cười Chỉ dại hình tôi ngỡ sánh đôi Bỗng một đoàn xe hoa đón ngọc Môi hồng biến mất, pháo hoa rơi.",https://www.thivien.net/H%C3%A0n-Qu%E1%BB%91c-V%C5%A9/Bi%E1%BA%BFn-m%E1%BA%A5t/poem-ldo2rdV5ixBouMq0N4ms2Q
Mai vàng chín cánh hoá tim anh Nụ đỏ đào em cũng tỏ tình Mới đó huơng trăng say chếnh choáng Rập rình sóng nhạc biển môi trinh.,https://www.thivien.net/H%C3%A0n-Qu%E1%BB%91c-V%C5%A9/Bi%E1%BB%83n-m%C3%B4i-trinh/poem-UXjWIIOXoJB47BSdUvgisQ
Chớ bẻ cành hoa hỡi khách chơi! Bao biển sầu đau thét mãi rồi Nụ trinh hoa cất trong tà nguyệt Sẽ héo làm sao nở với người?,https://www.thivien.net/H%C3%A0n-Qu%E1%BB%91c-V%C5%A9/Bi%E1%BB%83n-s%E1%BA%A7u-%C4%91au/poem--hEGankx4zxIoXY4jzeBeA
"Một ngày bay lại một ngày bay, Năm tháng lần theo xác lịch gầy. Hẹn chẳng thấy tin, chờ chẳng đến, Nỗi lòng thầm gửi gió mây bay.",https://www.thivien.net/Ho%C3%A0ng-T%E1%BA%A1o/B%C3%B3c-l%E1%BB%8Bch-c%E1%BA%A3m-t%C3%A1c/poem-h4Fb-NQfwz8stpODRFaUNA
"Quảng đảo bom thiêu ngọc đá tàn Bóng ai cầm súng vẫn chưa tan Thiếu Lâm chùa cổ, nghe trên vách Bóng Đạt Ma ngồi bật tiếng than.",https://www.thivien.net/V%C5%A9-Ho%C3%A0ng-Ch%C6%B0%C6%A1ng/B%C3%B3ng-%C4%91%C3%B3-h%C3%ACnh-%C4%91%C3%A2u/poem-61lyUEYFtKwuFPPc2DVstA
Hoà bình bướm tụ với ong bay Lớp lớp vì sao nói đêm ngày Bóng giặc hung tàn nanh quỷ dữ Lùa người tan xác khắp Đông Tây.,https://www.thivien.net/H%C3%A0n-Qu%E1%BB%91c-V%C5%A9/B%C3%B3ng-gi%E1%BA%B7c/poem-VdLqJp8RjxJqjEEipUTn0g
Bấy lâu mơ ngủ mãi chưa thôi Cách mệnh ồn ào khắp mọi nơi Này trống Văn minh khua dậy đất Kìa chuông Độc lập gõ vang giời,https://www.thivien.net/H%E1%BB%93-Ch%C3%AD-Minh/B%E1%BA%A5y-l%C3%A2u-m%C6%A1-ng%E1%BB%A7-m%C3%A3i-ch%C6%B0a-th%C3%B4i/poem-6SyVQPu-Ye7BMDLIQ8Izuw
Một nửa nàng sam say rượu cưới Còn đây một nửa ngả lăn quay Đồng hồ nhắc nhở giờ sum họp Bén rễ vào nhau mộng tháng ngày.,https://www.thivien.net/H%C3%A0n-Qu%E1%BB%91c-V%C5%A9/B%C3%A9n-r%E1%BB%85/poem-LuwlmC0F-qI06fZeHjRq8A
"Thôi! đã qua rồi hẹn phấn hương, Một năm làm khách bền sông Tương. Dịp cầu Nguyện Ước nhờ ai bắc, Bèo nước tương tư. Ôi! nhớ thương!",https://www.thivien.net/M%E1%BB%99ng-Tuy%E1%BA%BFt/B%C3%A8o-n%C6%B0%E1%BB%9Bc-t%C6%B0%C6%A1ng-t%C6%B0/poem-CbTBwxAdOr0ApCHRt77ACA
Năm xưa trăng đọng bến thuỳ dương Nhịp phách mưa sa lạnh má hường Bến cũ thuyền neo ty trúc vắng Lòng sông trăng lặn nước đầy sương,https://www.thivien.net/Qu%C3%A1ch-T%E1%BA%A5n/B%E1%BA%BFn-c%C5%A9/poem-y_VkGyKMEf3m9TdFogEVww
Ngoài mây cánh nhạn quyến dương tà Đất lữ thu về cúc chửa hoa Toan khép lòng quê bên gác mộng Lửa chài lại thoáng bến sương sa,https://www.thivien.net/Qu%C3%A1ch-T%E1%BA%A5n/B%C3%AAn-g%C3%A1c-m%E1%BB%99ng/poem--ljRyPbqGTPiPV9K1IsANA
Phù thế đã nhiều duyên nghiệp quá! Lệ lòng mong cạn chốn am Không Cửa thiền một đóng duyên trần đứt Quên hết người quen chốn bụi hồng.,https://www.thivien.net/J-Leiba/B%E1%BA%BFn-gi%C3%A1c/poem-OktUaBmCXzBLGYk5lSyHbA
Bến lạ thu bay lá rợp đường Khôn tìm giấc mộng ẩn canh sương Tờ thơ gió lật trăng bên gối Giếng ngọt vườn quê khởi nhớ thương,https://www.thivien.net/Qu%C3%A1ch-T%E1%BA%A5n/B%E1%BA%BFn-l%E1%BA%A1-thu-bay/poem-OEp3Yh3XaMcHo2SQq4BA2A
"Gió rủ canh đi ngàn liễu khóc, Sông đưa lạnh tới bóng trăng run... Thuyền ai tiếng hát bên kia vẳng? Ghé lại cho nhau gởi chút buồn.",https://www.thivien.net/Qu%C3%A1ch-T%E1%BA%A5n/B%C3%AAn-s%C3%B4ng/poem-1eG-0ZCFQN6lh3SOMh59xA
"Một chốn đi về mãi vẫn tìm Còn chi vương vấn dấu trong tim Lá, chiều lại nhớ bến xưa vắng Một ánh thu qua có ngoái nhìn.",https://www.thivien.net/Tr%E1%BA%A7n-%C4%90%C3%B4ng-Phong/B%E1%BA%BFn-x%C6%B0a/poem-gYG8-S0-Aj2t_huz74aroA
Nhạc đã khêu rồi hai nốt ngọc Tình dâng sóng biển múa mênh mông Nghìn tia nắng ấy như cổ vũ Nét đẹp đôi ta mãi bềnh bồng.,https://www.thivien.net/H%C3%A0n-Qu%E1%BB%91c-V%C5%A9/B%E1%BB%81nh-b%E1%BB%93ng/poem--sOAaXRpFVe3vK95MGlaXw
"Đêm mơ một bóng mặt tươi cười Chỉ dại hình tôi ngỡ sánh đôi Bỗng một đoàn xe hoa đón ngọc Môi hồng biến mất, pháo hoa rơi.",https://www.thivien.net/H%C3%A0n-Qu%E1%BB%91c-V%C5%A9/Bi%E1%BA%BFn-m%E1%BA%A5t/poem-ldo2rdV5ixBouMq0N4ms2Q
Mai vàng chín cánh hoá tim anh Nụ đỏ đào em cũng tỏ tình Mới đó huơng trăng say chếnh choáng Rập rình sóng nhạc biển môi trinh.,https://www.thivien.net/H%C3%A0n-Qu%E1%BB%91c-V%C5%A9/Bi%E1%BB%83n-m%C3%B4i-trinh/poem-UXjWIIOXoJB47BSdUvgisQ
Chớ bẻ cành hoa hỡi khách chơi! Bao biển sầu đau thét mãi rồi Nụ trinh hoa cất trong tà nguyệt Sẽ héo làm sao nở với người?,https://www.thivien.net/H%C3%A0n-Qu%E1%BB%91c-V%C5%A9/Bi%E1%BB%83n-s%E1%BA%A7u-%C4%91au/poem--hEGankx4zxIoXY4jzeBeA
"Một ngày bay lại một ngày bay, Năm tháng lần theo xác lịch gầy. Hẹn chẳng thấy tin, chờ chẳng đến, Nỗi lòng thầm gửi gió mây bay.",https://www.thivien.net/Ho%C3%A0ng-T%E1%BA%A1o/B%C3%B3c-l%E1%BB%8Bch-c%E1%BA%A3m-t%C3%A1c/poem-h4Fb-NQfwz8stpODRFaUNA
"Quảng đảo bom thiêu ngọc đá tàn Bóng ai cầm súng vẫn chưa tan Thiếu Lâm chùa cổ, nghe trên vách Bóng Đạt Ma ngồi bật tiếng than.",https://www.thivien.net/V%C5%A9-Ho%C3%A0ng-Ch%C6%B0%C6%A1ng/B%C3%B3ng-%C4%91%C3%B3-h%C3%ACnh-%C4%91%C3%A2u/poem-61lyUEYFtKwuFPPc2DVstA
Hoà bình bướm tụ với ong bay Lớp lớp vì sao nói đêm ngày Bóng giặc hung tàn nanh quỷ dữ Lùa người tan xác khắp Đông Tây.,https://www.thivien.net/H%C3%A0n-Qu%E1%BB%91c-V%C5%A9/B%C3%B3ng-gi%E1%BA%B7c/poem-VdLqJp8RjxJqjEEipUTn0g
bao thu mỏi mắt vọng quan hà sét đánh tin về lạnh xác hoa xót nỗi đầu xanh thành goá phụ ôm sầu bóng lẻ hận can qua.,https://www.thivien.net/T%E1%BB%A5-Vinh/B%C3%B3ng-l%E1%BA%BB/poem-fPDscgPPOlJmVwDnty_tig
"Móng vuốt lời kia và thuốc độc Làm tình thác đổ khóc vì nhau Kìa hai nửa ấy chia từng ngả Héo úa màu hoa, nhạt bóng sầu.",https://www.thivien.net/H%C3%A0n-Qu%E1%BB%91c-V%C5%A9/B%C3%B3ng-s%E1%BA%A7u/poem-Qx7TSA7YLDeXF6FexxND_g
"Trăng chảy ngập đường đi. Thuở ấy Đôi người so bóng bước song song. Rồi trăng từ đó tương tư bóng, Chảy ngập tương tư khắp nẻo lòng.",https://www.thivien.net/M%E1%BB%99ng-Tuy%E1%BA%BFt/B%C3%B3ng-tr%C4%83ng-t%C6%B0%C6%A1ng-t%C6%B0/poem-kRNg_czOw-Un_-LimOAYww
Tiệc mãn lầu ca lạnh ánh sương Bâng khuâng tay ngọc xếp nghê thường Ra về chớ tiếc đêm xuân lụn Vườn cũ nghìn hoa đợi bóng dương,https://www.thivien.net/Qu%C3%A1ch-T%E1%BA%A5n/B%C3%B3ng-xu%C3%A2n/poem-mn4SFv3HXyTgOOg0_Ti3nQ
Chia đôi trời nước một nương dâu Ngõ gió vườn sương trăng bạn bầu Tìm bóng người thương trang sách cổ Bồi hồi ngọn bấc trắng đêm thâu,https://www.thivien.net/Qu%C3%A1ch-T%E1%BA%A5n/B%E1%BB%93i-h%E1%BB%93i-ng%E1%BB%8Dn-b%E1%BA%A5c/poem-1AAXDo30Z2a4OxX1tZO5sQ
Tây nguyên đất đỏ ban mai Miền trung cát trắng biển trời nắng chang Sau mưa gương chiếu ruộng thang Gió mài vách đá không gian ảnh trời.,https://www.thivien.net/Tr%E1%BA%A7n-%C4%90%C3%B4ng-Phong/B%E1%BB%91n-c%E1%BA%A3nh-%C4%91%E1%BA%B9p/poem-U3_jk6ctYWm4rAxb9KZZiQ
Đài Bắc tháp cao trăm lẻ một Viên Sơn hội họp những tài danh Sách hay Tín Nghĩa nhiều vô số Luận kiếm Kim Dung hiệp khách tình.,https://www.thivien.net/Tr%E1%BA%A7n-%C4%90%C3%B4ng-Phong/B%E1%BB%91n-%C4%91i%E1%BB%83m-hay-%E1%BB%9F-%C4%90%C3%A0i-B%E1%BA%AFc/poem-XzX0TPcqKl_ZXmP_Ks4mqw
"hái bông cơm nguội bên thềm cũ nhớ thuở quế trầm chưa mất nhau loài hoa anh tặng em ngày ấy giờ hết nguội rồi, bỗng biết đau.",https://www.thivien.net/M%C6%B0%E1%BB%9Dng-M%C3%A1n/B%C3%B4ng-c%C6%A1m-ngu%E1%BB%99i/poem-lmkiKEV-sWNldC2aDxLnuA
Cánh thắm ngạo nghễ rợp trời xanh Ngọc ngà hân hoan thoả mộng quanh Âm hưởng bội phần hồng tinh khiết Nhuỵ khoả kiêu sa hương phước lành.,https://www.thivien.net/Ph%E1%BA%A1m-Tr%C6%B0%E1%BB%9Dng-Giang/B%C3%B4ng-h%E1%BB%93ng-t%C3%ACnh-y%C3%AAu/poem-HG-D7EKkFmD-iRyCS3NdrA
"Chao ôi! Đã được đến Hương Sơn Trút hết bao nhiêu nỗi oán hờn Mưa pháp, gió Từ nhuần thấm mát Cõi lòng chan chứa một nguồn ơn.",https://www.thivien.net/Th%C3%ADch-Vi%C3%AAn-Th%C3%A0nh/Bu%E1%BB%95i-%C4%91%E1%BA%A7u-%C4%91%E1%BA%BFn-ch%C3%B9a-H%C6%B0%C6%A1ng/poem-JkTNe0WMXVtHHJHbl-8CBA
"Rượu sớm Na Sầm vị dịu cay Biên cương xứ Lạng thoáng heo may Cô em Văn Lãng nghiêng bầu, hẹn Lễ hội xuân này sẽ uống say.",https://www.thivien.net/Tr%E1%BA%A7n-%C4%90%C3%B4ng-Phong/Bu%E1%BB%95i-s%E1%BB%9Bm-%E1%BB%9F-Na-S%E1%BA%A7m-I/poem-hxLWIJphyEwVbGyaRdBe2A
Lễ hội Na Sầm mười bốn Giêng Bao đời truyền thống rất linh thiêng Lộc tài phúc thọ an khang thịnh Bầu rượu lưng ong hết chẳng nghiêng.,https://www.thivien.net/Tr%E1%BA%A7n-%C4%90%C3%B4ng-Phong/Bu%E1%BB%95i-s%E1%BB%9Bm-%E1%BB%9F-Na-S%E1%BA%A7m-II/poem-VrwyCdsIvHrOheE8EgGoCg
"Nhớ quê Văn Lãng, Hoàng Văn Thụ Khí phách kiên cường một “ tấm thành ” “ Ngọc nát ” lại lành lưu vạn cổ Đời sau còn nhớ mãi thơ anh .",https://www.thivien.net/Tr%E1%BA%A7n-%C4%90%C3%B4ng-Phong/Bu%E1%BB%95i-s%E1%BB%9Bm-%E1%BB%9F-Na-S%E1%BA%A7m-III/poem-ctHBY5WIe-j9MKbg1GzQiQ
Núi đứng ngàn năm núi cũng buồn Núi nằm một chỗ cũng đau lưng Một đời ôm đá vào trong bụng Nên nhấc không thành một bước chưn.,https://www.thivien.net/Nguy%E1%BB%85n-L%C3%A3m-Th%E1%BA%AFng/Bu%E1%BB%93n-kh%C3%B4ng-h%E1%BB%9F-n%C3%BAi/poem-o5LwGoBfW3nmpI1H-GeJpg
Từ độ phòng thơ khép cánh mây Non xanh lẻ bóng vóc thu gầy Gió mưa đã tạnh niềm chia cách Xa gửi buồn thương sương lá bay,https://www.thivien.net/Qu%C3%A1ch-T%E1%BA%A5n/Bu%E1%BB%93n-th%C6%B0%C6%A1ng/poem-phTI_-K01_hrtHfBfk1Pcw
"Có nghĩa gì đâu một bức thư? Cho lòng nhẹ vợi nỗi tương tư. Nhưng rồi lại thấy tương tư nữa, Một bức thư sau vẫn đợi chờ.",https://www.thivien.net/M%E1%BB%99ng-Tuy%E1%BA%BFt/B%E1%BB%A9c-th%C6%B0-t%C6%B0%C6%A1ng-t%C6%B0/poem-cyb6NlDva_Z3wPH-d_pEtw
Đá sứt thành xưa sót mấy hòn Cổng quan nhà ngục gạch vùi chôn Lạ lùng phố mới người xa tới Còn chỉ vầng trăng tự khuyết tròn,https://www.thivien.net/Y%E1%BA%BFn-Lan/C%C3%A1i-c%C3%B2n-l%E1%BA%A1i/poem-NH15Pe1wMSKOCGc4lrGaHA
"Cái dạ yêu đời động núi sông Lòng anh vui hát, má em hồng Yêu nhau ta nói làm sao hết! Ngoài nội hoa về phút phút đông.",https://www.thivien.net/Huy-C%E1%BA%ADn/C%C3%A1i-d%E1%BA%A1-y%C3%AAu-%C4%91%E1%BB%9Di/poem-oRilsH6WKPb4FiOlhqERuQ
Từng đêm xuân cháy từng biển mộng Mênh mông ru lòng ngát đôi ta Bữa lấy hoa nàng cài giọt nhớ Tan vào mây gió hát ngân nga.,https://www.thivien.net/H%C3%A0n-Qu%E1%BB%91c-V%C5%A9/C%C3%A0i-gi%E1%BB%8Dt-nh%E1%BB%9B/poem-qv8weKWfNaeGDFHAwMzpWg
"Người ngồi như cỏ hoang vu quá! Phố chết tưng bừng, hấp hối trăng Sông đêm đứt khúc bờ môi sóng Cái nhớ vô cùng nổi máu hăng",https://www.thivien.net/Nguy%E1%BB%85n-L%C3%A3m-Th%E1%BA%AFng/C%C3%A1i-nh%E1%BB%9B/poem-mm0OFiA3-GEuEt5E-uA0Gg
"Chỉ giống người trên mặt địa cầu Đang tâm hành hạ dập vùi nhau. Bỏ xa rắn, rết, hùm, beo, sói... Nhân loại: điều ô nhục đứng đầu!",https://www.thivien.net/V%C5%A9-Ho%C3%A0ng-Ch%C6%B0%C6%A1ng/C%C3%A1i-nh%E1%BB%A5c-l%C3%A0m-ng%C6%B0%E1%BB%9Di/poem-x-NYrmTNP0MQ9S6RwHJHgQ
Hồ đã tan thây sóng Bạch Đằng Minh còn mất vía ải Chi Lăng Ấy gươm Trần tướng truyền Lê đế? Hay chỉ hồn thiêng nước Việt chăng?,https://www.thivien.net/V%C5%A9-Ho%C3%A0ng-Ch%C6%B0%C6%A1ng/C%E1%BA%A3m-%C4%91%E1%BB%81/poem-mM0mckIRmWGB4iSb_C_x1Q
"Mây bạc gác đầu non lúp xúp, Ác vàng soi mặt nước lanh chanh. Giữ tình cái én xuân muôn dặm, Lắc giọt long đong cảnh một mình!",https://www.thivien.net/B%C3%ADch-Kh%C3%AA/C%E1%BA%A3m-h%E1%BB%A9ng/poem-1Lv93jpix-pcD4QsZqB7-g
